-- phpMyAdmin SQL Dump
-- version 4.9.7
-- https://www.phpmyadmin.net/
--
-- Host: localhost:3306
-- Generation Time: Aug 15, 2021 at 11:26 AM
-- Server version: 5.7.35
-- PHP Version: 7.3.28

SET SQL_MODE = "NO_AUTO_VALUE_ON_ZERO";
SET AUTOCOMMIT = 0;
START TRANSACTION;
SET time_zone = "+00:00";


/*!40101 SET @OLD_CHARACTER_SET_CLIENT=@@CHARACTER_SET_CLIENT */;
/*!40101 SET @OLD_CHARACTER_SET_RESULTS=@@CHARACTER_SET_RESULTS */;
/*!40101 SET @OLD_COLLATION_CONNECTION=@@COLLATION_CONNECTION */;
/*!40101 SET NAMES utf8mb4 */;

--
-- Database: `nitrogen_db_gym`
--

-- --------------------------------------------------------

--
-- Table structure for table `b_activity_log`
--

CREATE TABLE `b_activity_log` (
  `id` bigint(20) UNSIGNED NOT NULL,
  `activity_template_id` int(10) UNSIGNED NOT NULL,
  `activity_time` timestamp NOT NULL DEFAULT CURRENT_TIMESTAMP ON UPDATE CURRENT_TIMESTAMP,
  `json_params` text COLLATE utf8mb4_unicode_ci,
  `user_id` int(10) UNSIGNED DEFAULT NULL
) ENGINE=InnoDB DEFAULT CHARSET=utf8mb4 COLLATE=utf8mb4_unicode_ci;

-- --------------------------------------------------------

--
-- Table structure for table `b_activity_template`
--

CREATE TABLE `b_activity_template` (
  `id` int(10) UNSIGNED NOT NULL,
  `activity_name` varchar(255) COLLATE utf8mb4_unicode_ci NOT NULL,
  `template` text COLLATE utf8mb4_unicode_ci NOT NULL
) ENGINE=InnoDB DEFAULT CHARSET=utf8mb4 COLLATE=utf8mb4_unicode_ci;

-- --------------------------------------------------------

--
-- Table structure for table `b_page`
--

CREATE TABLE `b_page` (
  `id` bigint(20) UNSIGNED NOT NULL,
  `title` varchar(255) COLLATE utf8mb4_unicode_ci NOT NULL,
  `slug` varchar(255) COLLATE utf8mb4_unicode_ci DEFAULT NULL,
  `keyword` varchar(255) COLLATE utf8mb4_unicode_ci DEFAULT NULL,
  `description` text COLLATE utf8mb4_unicode_ci NOT NULL,
  `body` text COLLATE utf8mb4_unicode_ci NOT NULL,
  `created_at` timestamp NULL DEFAULT NULL,
  `updated_at` timestamp NULL DEFAULT NULL
) ENGINE=InnoDB DEFAULT CHARSET=utf8mb4 COLLATE=utf8mb4_unicode_ci;

-- --------------------------------------------------------

--
-- Table structure for table `b_permissions`
--

CREATE TABLE `b_permissions` (
  `id` bigint(20) UNSIGNED NOT NULL,
  `name` varchar(255) COLLATE utf8mb4_unicode_ci NOT NULL,
  `slug` varchar(255) COLLATE utf8mb4_unicode_ci NOT NULL
) ENGINE=InnoDB DEFAULT CHARSET=utf8mb4 COLLATE=utf8mb4_unicode_ci;

--
-- Dumping data for table `b_permissions`
--

INSERT INTO `b_permissions` (`id`, `name`, `slug`) VALUES
(1, 'right-management', 'right-management'),
(2, 'settings', 'settings'),
(3, 'financial-reports', 'financial-reports'),
(4, 'admins', 'admins'),
(5, 'members', 'members'),
(6, 'packages', 'packages'),
(9, 'expenses', 'expenses');

-- --------------------------------------------------------

--
-- Table structure for table `b_roles`
--

CREATE TABLE `b_roles` (
  `id` bigint(20) UNSIGNED NOT NULL,
  `name` varchar(255) COLLATE utf8mb4_unicode_ci NOT NULL,
  `slug` varchar(255) COLLATE utf8mb4_unicode_ci DEFAULT NULL
) ENGINE=InnoDB DEFAULT CHARSET=utf8mb4 COLLATE=utf8mb4_unicode_ci;

--
-- Dumping data for table `b_roles`
--

INSERT INTO `b_roles` (`id`, `name`, `slug`) VALUES
(1, 'SuperAdmin', 'superadmin'),
(2, 'Admin', 'admin');

-- --------------------------------------------------------

--
-- Table structure for table `b_roles_permissions`
--

CREATE TABLE `b_roles_permissions` (
  `role_id` bigint(20) UNSIGNED NOT NULL,
  `permission_id` bigint(20) UNSIGNED NOT NULL
) ENGINE=InnoDB DEFAULT CHARSET=utf8mb4 COLLATE=utf8mb4_unicode_ci;

--
-- Dumping data for table `b_roles_permissions`
--

INSERT INTO `b_roles_permissions` (`role_id`, `permission_id`) VALUES
(1, 1),
(1, 2),
(1, 3),
(1, 4),
(1, 5),
(1, 6),
(1, 9),
(2, 2),
(2, 3),
(2, 5),
(2, 6),
(2, 9);

-- --------------------------------------------------------

--
-- Table structure for table `b_settings`
--

CREATE TABLE `b_settings` (
  `id` bigint(20) UNSIGNED NOT NULL,
  `key` varchar(255) COLLATE utf8mb4_unicode_ci DEFAULT NULL,
  `value` varchar(255) COLLATE utf8mb4_unicode_ci DEFAULT NULL,
  `title` varchar(255) COLLATE utf8mb4_unicode_ci DEFAULT NULL,
  `description` text COLLATE utf8mb4_unicode_ci,
  `json_params` text COLLATE utf8mb4_unicode_ci
) ENGINE=InnoDB DEFAULT CHARSET=utf8mb4 COLLATE=utf8mb4_unicode_ci;

--
-- Dumping data for table `b_settings`
--

INSERT INTO `b_settings` (`id`, `key`, `value`, `title`, `description`, `json_params`) VALUES
(2, 'address', 'Plot No. 2/1, Block 3A Nazimabad No 3', 'Gym Address', NULL, NULL),
(3, 'phone', '02136670666', 'Phone', NULL, NULL),
(4, 'email', 'nitrogen.pakistan@gmail.com', 'Email', NULL, NULL);

-- --------------------------------------------------------

--
-- Table structure for table `b_users_roles`
--

CREATE TABLE `b_users_roles` (
  `user_id` bigint(20) UNSIGNED NOT NULL,
  `role_id` bigint(20) UNSIGNED NOT NULL
) ENGINE=InnoDB DEFAULT CHARSET=utf8mb4 COLLATE=utf8mb4_unicode_ci;

--
-- Dumping data for table `b_users_roles`
--

INSERT INTO `b_users_roles` (`user_id`, `role_id`) VALUES
(1, 1),
(2, 2);

-- --------------------------------------------------------

--
-- Table structure for table `expense`
--

CREATE TABLE `expense` (
  `id` bigint(20) UNSIGNED NOT NULL,
  `user_id` bigint(20) NOT NULL,
  `amount` double NOT NULL DEFAULT '0',
  `date` varchar(255) COLLATE utf8mb4_unicode_ci DEFAULT NULL,
  `note` varchar(500) COLLATE utf8mb4_unicode_ci DEFAULT NULL,
  `created_at` timestamp NULL DEFAULT NULL,
  `updated_at` timestamp NULL DEFAULT NULL
) ENGINE=InnoDB DEFAULT CHARSET=utf8mb4 COLLATE=utf8mb4_unicode_ci;

-- --------------------------------------------------------

--
-- Table structure for table `fees`
--

CREATE TABLE `fees` (
  `id` bigint(20) UNSIGNED NOT NULL,
  `member_id` bigint(20) NOT NULL,
  `amount` double NOT NULL DEFAULT '0',
  `date` varchar(255) COLLATE utf8mb4_unicode_ci DEFAULT NULL,
  `created_at` timestamp NULL DEFAULT NULL,
  `updated_at` timestamp NULL DEFAULT NULL,
  `package_id` varchar(100) COLLATE utf8mb4_unicode_ci DEFAULT NULL
) ENGINE=InnoDB DEFAULT CHARSET=utf8mb4 COLLATE=utf8mb4_unicode_ci;

--
-- Dumping data for table `fees`
--

INSERT INTO `fees` (`id`, `member_id`, `amount`, `date`, `created_at`, `updated_at`, `package_id`) VALUES
(4, 4, 6000, '2021-06-20', '2021-06-21 15:24:29', '2021-06-21 15:24:29', '23,'),
(7, 5, 6000, '2021-06-20', '2021-06-22 22:03:06', '2021-06-22 22:03:06', NULL),
(8, 6, 6000, '2021-06-20', '2021-06-22 22:06:05', '2021-06-22 22:06:05', NULL),
(9, 7, 5000, '2021-06-20', '2021-06-22 22:08:17', '2021-06-22 22:08:17', NULL),
(10, 8, 8000, '2021-06-20', '2021-06-22 22:12:12', '2021-06-22 22:12:12', NULL),
(11, 9, 4500, '2021-06-20', '2021-06-22 22:28:16', '2021-06-22 22:28:16', NULL),
(12, 10, 6000, '2021-06-20', '2021-06-22 22:29:31', '2021-06-22 22:29:31', NULL),
(13, 11, 3000, '2021-06-20', '2021-06-22 22:34:08', '2021-06-22 22:34:08', NULL),
(14, 12, 3000, '2021-06-20', '2021-06-22 22:36:22', '2021-06-22 22:36:22', NULL),
(15, 13, 6000, '2021-06-20', '2021-06-22 22:40:18', '2021-06-22 22:40:18', NULL),
(16, 14, 600, '2021-06-20', '2021-06-22 22:44:03', '2021-06-22 22:44:03', NULL),
(17, 15, 6000, '2021-06-20', '2021-06-22 22:48:20', '2021-06-22 22:48:20', NULL),
(18, 16, 5000, '2021-06-20', '2021-06-22 22:49:46', '2021-06-22 22:49:46', NULL),
(19, 17, 6000, '2021-06-20', '2021-06-22 22:51:28', '2021-06-22 22:51:28', NULL),
(20, 18, 5000, '2021-06-20', '2021-06-22 22:52:58', '2021-06-22 22:52:58', NULL),
(21, 19, 5000, '2021-06-20', '2021-06-22 22:56:18', '2021-06-22 22:56:18', NULL),
(22, 20, 2000, '2021-06-20', '2021-06-22 23:00:33', '2021-06-22 23:00:33', NULL),
(23, 21, 3000, '2021-06-20', '2021-06-22 23:05:36', '2021-06-22 23:05:36', NULL),
(24, 22, 2000, '2021-06-20', '2021-06-22 23:12:18', '2021-06-22 23:12:18', NULL),
(25, 23, 3000, '2021-06-20', '2021-06-22 23:15:03', '2021-06-22 23:15:03', NULL),
(26, 24, 5000, '2021-06-20', '2021-06-22 23:19:39', '2021-06-22 23:19:39', NULL),
(27, 25, 3000, '2021-06-20', '2021-06-22 23:23:18', '2021-06-22 23:23:18', NULL),
(28, 26, 3000, '2021-06-20', '2021-06-22 23:24:55', '2021-06-22 23:24:55', NULL),
(29, 27, 2000, '2021-06-20', '2021-06-22 23:27:49', '2021-06-22 23:27:49', NULL),
(30, 28, 6000, '2021-06-20', '2021-06-22 23:29:55', '2021-06-22 23:29:55', NULL),
(31, 29, 3000, '2021-06-20', '2021-06-22 23:45:17', '2021-06-22 23:45:17', NULL),
(32, 30, 2000, '2021-06-20', '2021-06-23 02:00:59', '2021-06-23 02:00:59', '1,'),
(33, 31, 3500, '2021-06-20', '2021-06-23 04:23:51', '2021-06-23 04:23:51', NULL),
(34, 32, 8000, '2021-06-20', '2021-06-24 07:34:32', '2021-06-24 07:34:32', NULL),
(35, 33, 3000, '2021-06-21', '2021-06-24 07:41:26', '2021-06-24 07:41:26', NULL),
(36, 34, 3000, '2021-06-21', '2021-06-24 07:43:54', '2021-06-24 07:43:54', NULL),
(37, 35, 0, '2021-06-21', '2021-06-24 09:51:24', '2021-06-24 09:51:24', NULL),
(38, 36, 5000, '2021-06-21', '2021-06-24 09:54:15', '2021-06-24 09:54:15', NULL),
(39, 37, 3000, '2021-06-21', '2021-06-24 09:56:28', '2021-06-24 09:56:28', NULL),
(40, 38, 3000, '2021-06-21', '2021-06-24 09:59:12', '2021-06-24 09:59:12', NULL),
(41, 39, 6000, '2021-06-21', '2021-06-24 10:00:58', '2021-06-24 10:00:58', NULL),
(42, 40, 3500, '2021-06-21', '2021-06-24 10:05:55', '2021-06-24 10:05:55', NULL),
(43, 41, 5000, '2021-06-21', '2021-06-24 10:09:00', '2021-06-24 10:09:00', NULL),
(44, 42, 8000, '2021-06-21', '2021-06-24 10:12:03', '2021-06-24 10:12:03', NULL),
(45, 43, 8000, '2021-06-21', '2021-06-24 10:59:14', '2021-06-24 10:59:14', NULL),
(46, 44, 3000, '2021-06-21', '2021-06-24 11:01:05', '2021-06-24 11:01:05', NULL),
(47, 45, 3000, '2021-06-21', '2021-06-24 11:07:06', '2021-06-24 11:07:06', NULL),
(48, 46, 4100, '2021-06-21', '2021-06-24 11:13:16', '2021-06-24 11:13:16', NULL),
(49, 47, 4100, '2021-06-21', '2021-06-24 11:17:51', '2021-06-24 11:17:51', NULL),
(50, 48, 9000, '2021-06-21', '2021-06-24 11:31:48', '2021-06-24 11:31:48', NULL),
(51, 49, 3000, '2021-06-21', '2021-06-24 11:33:11', '2021-06-24 11:33:11', NULL),
(52, 50, 3000, '2021-06-21', '2021-06-24 11:35:11', '2021-06-24 11:35:11', NULL),
(53, 51, 3000, '2021-06-21', '2021-06-24 11:36:54', '2021-06-24 11:36:54', NULL),
(54, 52, 3000, '2021-06-21', '2021-06-24 11:40:30', '2021-06-24 11:40:30', NULL),
(55, 53, 3000, '2021-06-21', '2021-06-24 11:43:24', '2021-06-24 11:43:24', NULL),
(56, 54, 3000, '2021-06-21', '2021-06-24 11:46:38', '2021-06-24 11:46:38', NULL),
(57, 55, 3000, '2021-06-21', '2021-06-24 11:48:31', '2021-06-24 11:48:31', NULL),
(58, 56, 5000, '2021-06-21', '2021-06-24 11:50:41', '2021-06-24 11:50:41', NULL),
(59, 57, 4000, '2021-06-21', '2021-06-24 11:53:49', '2021-06-24 11:53:49', NULL),
(60, 58, 3000, '2021-06-22', '2021-06-24 11:56:37', '2021-06-24 11:56:37', NULL),
(61, 59, 3000, '2021-06-22', '2021-06-24 11:58:16', '2021-06-24 11:58:16', NULL),
(62, 60, 6500, '2021-06-22', '2021-06-24 11:59:59', '2021-06-24 11:59:59', NULL),
(63, 61, 7000, '2021-06-22', '2021-06-24 12:01:50', '2021-06-24 12:01:50', NULL),
(64, 62, 2000, '2021-06-22', '2021-06-25 00:28:43', '2021-06-25 00:28:43', NULL),
(65, 63, 3000, '2021-06-22', '2021-06-25 00:31:50', '2021-06-25 00:31:50', NULL),
(66, 64, 3000, '2021-06-22', '2021-06-25 00:35:58', '2021-06-25 00:35:58', NULL),
(67, 65, 7000, '2021-06-22', '2021-06-25 00:37:41', '2021-06-25 00:37:41', NULL),
(68, 66, 7000, '2021-06-22', '2021-06-25 00:39:19', '2021-06-25 00:39:19', NULL),
(69, 67, 3000, '2021-06-22', '2021-06-25 00:42:05', '2021-06-25 00:42:05', NULL),
(70, 68, 3000, '2021-06-22', '2021-06-25 00:43:26', '2021-06-25 00:43:26', NULL),
(71, 69, 3000, '2021-06-22', '2021-06-25 00:45:36', '2021-06-25 00:45:36', NULL),
(72, 70, 3000, '2021-06-22', '2021-06-25 00:47:08', '2021-06-25 00:47:08', NULL),
(73, 71, 3000, '2021-06-22', '2021-06-25 00:49:19', '2021-06-25 00:49:19', NULL),
(74, 72, 4000, '2021-06-22', '2021-06-25 00:50:43', '2021-06-25 00:50:43', NULL),
(75, 73, 2000, '2021-06-22', '2021-06-25 00:52:40', '2021-06-25 00:52:40', NULL),
(76, 74, 3000, '2021-06-22', '2021-06-25 00:53:44', '2021-06-25 00:53:44', NULL),
(77, 75, 3000, '2021-06-22', '2021-06-25 00:55:07', '2021-06-25 00:55:07', NULL),
(78, 76, 5000, '2021-06-20', '2021-06-25 01:05:11', '2021-06-25 01:05:11', NULL),
(79, 77, 5000, '2021-06-20', '2021-06-25 01:07:11', '2021-06-25 01:07:11', NULL),
(80, 78, 3000, '2021-06-21', '2021-06-25 01:20:06', '2021-06-25 01:20:06', NULL),
(82, 79, 4500, '2021-06-23', '2021-06-26 09:40:17', '2021-06-26 09:40:17', NULL),
(84, 81, 5000, '2021-06-23', '2021-06-26 09:50:57', '2021-06-26 09:50:57', NULL),
(85, 82, 4500, '2021-06-23', '2021-06-26 10:18:16', '2021-06-26 10:18:16', NULL),
(86, 83, 7000, '2021-06-23', '2021-06-26 10:24:38', '2021-06-26 10:24:38', NULL),
(87, 84, 2000, '2021-06-23', '2021-06-26 10:37:35', '2021-06-26 10:37:35', NULL),
(88, 85, 3000, '2021-06-23', '2021-06-26 10:39:26', '2021-06-26 10:39:26', NULL),
(89, 86, 3500, '2021-06-24', '2021-06-26 10:42:55', '2021-06-26 10:42:55', NULL),
(90, 87, 2000, '2021-06-24', '2021-06-26 10:46:40', '2021-06-26 10:46:40', NULL),
(91, 88, 4000, '2021-06-24', '2021-06-26 11:13:05', '2021-06-26 11:13:05', NULL),
(92, 89, 5000, '2021-06-24', '2021-06-26 11:15:02', '2021-06-26 11:15:02', NULL),
(93, 90, 300, '2021-06-24', '2021-06-26 11:16:44', '2021-06-26 11:16:44', NULL),
(94, 91, 3000, '2021-06-25', '2021-06-26 11:20:17', '2021-06-26 11:20:17', NULL),
(95, 92, 3000, '2021-06-25', '2021-06-26 11:21:27', '2021-06-26 11:21:27', NULL),
(96, 93, 3000, '2021-06-25', '2021-06-26 11:22:23', '2021-06-26 11:22:23', NULL),
(97, 94, 4500, '2021-06-28', '2021-06-30 08:23:38', '2021-06-30 08:23:38', NULL),
(98, 95, 3000, '2021-06-28', '2021-06-30 08:25:01', '2021-06-30 08:25:01', NULL),
(99, 96, 6000, '2021-06-28', '2021-06-30 08:27:13', '2021-06-30 08:27:13', NULL),
(100, 97, 2000, '2021-06-28', '2021-06-30 08:30:11', '2021-06-30 08:30:11', NULL),
(101, 98, 4000, '2021-06-28', '2021-06-30 08:32:39', '2021-06-30 08:32:39', NULL),
(102, 99, 3000, '2021-06-28', '2021-06-30 08:36:06', '2021-06-30 08:36:06', NULL),
(103, 100, 5000, '2021-06-28', '2021-06-30 08:50:06', '2021-06-30 08:50:06', NULL),
(104, 101, 3000, '2021-06-28', '2021-06-30 09:15:02', '2021-06-30 09:15:02', NULL),
(105, 102, 4000, '2021-06-28', '2021-06-30 09:18:15', '2021-06-30 09:18:15', NULL),
(106, 103, 3000, '2021-06-28', '2021-06-30 09:20:47', '2021-06-30 09:20:47', NULL),
(107, 104, 5000, '2021-06-28', '2021-06-30 09:24:56', '2021-06-30 09:24:56', NULL),
(108, 105, 3000, '2021-06-28', '2021-06-30 09:27:21', '2021-06-30 09:27:21', NULL),
(109, 106, 3000, '2021-06-28', '2021-06-30 09:29:39', '2021-06-30 09:29:39', NULL),
(110, 107, 8000, '2021-06-28', '2021-06-30 09:32:40', '2021-06-30 09:32:40', NULL),
(111, 108, 3000, '2021-06-28', '2021-06-30 09:34:21', '2021-06-30 09:34:21', NULL),
(112, 109, 3000, '2021-06-28', '2021-06-30 09:35:46', '2021-06-30 09:35:46', NULL),
(113, 110, 5000, '2021-06-28', '2021-06-30 09:37:50', '2021-06-30 09:37:50', NULL),
(114, 111, 9000, '2021-06-28', '2021-06-30 09:40:00', '2021-06-30 09:40:00', NULL),
(115, 112, 3000, '2021-06-28', '2021-06-30 09:42:55', '2021-06-30 09:42:55', NULL),
(116, 113, 9000, '2021-06-28', '2021-06-30 09:47:46', '2021-06-30 09:47:46', NULL),
(117, 114, 9000, '2021-06-28', '2021-06-30 09:49:50', '2021-06-30 09:49:50', NULL),
(118, 115, 3000, '2021-06-29', '2021-06-30 09:58:12', '2021-06-30 09:58:12', NULL),
(119, 116, 2000, '2021-06-29', '2021-06-30 09:59:21', '2021-06-30 09:59:21', NULL),
(120, 117, 2000, '2021-06-29', '2021-06-30 10:00:38', '2021-06-30 10:00:38', NULL),
(121, 118, 3000, '2021-06-29', '2021-06-30 10:01:56', '2021-06-30 10:01:56', NULL),
(122, 119, 7000, '2021-06-29', '2021-06-30 10:03:38', '2021-06-30 10:03:38', NULL),
(123, 120, 5000, '2021-06-29', '2021-06-30 10:05:48', '2021-06-30 10:05:48', NULL),
(124, 121, 5500, '2021-06-29', '2021-06-30 14:52:26', '2021-06-30 14:52:26', NULL),
(125, 122, 3000, '2021-06-29', '2021-06-30 14:54:32', '2021-06-30 14:54:32', NULL),
(126, 123, 3000, '2021-06-29', '2021-06-30 14:56:21', '2021-06-30 14:56:21', NULL),
(127, 124, 3000, '2021-06-29', '2021-06-30 14:57:33', '2021-06-30 14:57:33', NULL),
(128, 125, 7000, '2021-06-30', '2021-06-30 14:58:46', '2021-06-30 14:58:46', NULL),
(129, 126, 4000, '2021-06-30', '2021-06-30 15:00:26', '2021-06-30 15:00:26', NULL),
(130, 127, 4000, '2021-06-30', '2021-06-30 15:02:04', '2021-06-30 15:02:04', NULL),
(131, 128, 4500, '2021-06-30', '2021-06-30 15:03:39', '2021-06-30 15:03:39', NULL),
(132, 129, 3000, '2021-06-30', '2021-06-30 15:05:06', '2021-06-30 15:05:06', NULL),
(133, 130, 4000, '2021-06-30', '2021-06-30 15:06:38', '2021-06-30 15:06:38', NULL),
(134, 131, 4000, '2021-06-30', '2021-06-30 15:08:13', '2021-06-30 15:08:13', NULL),
(135, 132, 400, '2021-06-30', '2021-06-30 15:09:44', '2021-06-30 15:09:44', NULL),
(136, 133, 6000, '2021-07-12', '2021-07-01 12:59:54', '2021-07-01 12:59:54', NULL),
(137, 134, 4500, '2021-07-01', '2021-07-01 13:01:25', '2021-07-01 13:01:25', NULL),
(138, 135, 2000, '2021-07-01', '2021-07-01 13:02:51', '2021-07-01 13:02:51', NULL),
(139, 136, 2000, '2021-07-01', '2021-07-01 13:04:10', '2021-07-01 13:04:10', NULL),
(140, 137, 3000, '2021-07-01', '2021-07-01 13:05:48', '2021-07-01 13:05:48', NULL),
(141, 138, 6000, '2021-07-01', '2021-07-01 13:06:57', '2021-07-01 13:06:57', NULL),
(142, 139, 3500, '2021-07-01', '2021-07-01 13:08:46', '2021-07-01 13:08:46', NULL),
(143, 140, 3500, '2021-07-01', '2021-07-01 13:10:42', '2021-07-01 13:10:42', NULL),
(144, 141, 5000, '2021-07-01', '2021-07-01 13:14:17', '2021-07-01 13:14:17', NULL),
(145, 142, 5000, '2021-07-01', '2021-07-01 13:21:30', '2021-07-01 13:21:30', NULL),
(146, 143, 3000, '2021-07-01', '2021-07-01 13:24:51', '2021-07-01 13:24:51', NULL),
(147, 144, 2000, '2021-07-01', '2021-07-01 13:29:27', '2021-07-01 13:29:27', NULL),
(148, 145, 3000, '2021-07-01', '2021-07-05 22:00:24', '2021-07-05 22:00:24', NULL),
(149, 146, 4000, '2021-07-02', '2021-07-05 22:20:57', '2021-07-05 22:20:57', '9,'),
(150, 147, 2500, '2021-07-02', '2021-07-05 22:23:59', '2021-07-05 22:23:59', NULL),
(151, 148, 3000, '2021-07-02', '2021-07-05 22:25:10', '2021-07-05 22:25:10', NULL),
(152, 149, 3000, '2021-07-02', '2021-07-05 22:26:48', '2021-07-05 22:26:48', NULL),
(153, 150, 1000, '2021-07-02', '2021-07-05 22:28:03', '2021-07-05 22:28:03', NULL),
(154, 151, 5000, '2021-07-02', '2021-07-05 22:32:43', '2021-07-05 22:32:43', NULL),
(155, 152, 5500, '2021-07-05', '2021-07-06 00:04:06', '2021-07-06 00:04:06', NULL),
(156, 153, 2500, '2021-07-05', '2021-07-06 00:05:24', '2021-07-06 00:05:24', NULL),
(157, 154, 7000, '2021-07-05', '2021-07-06 00:06:56', '2021-07-06 00:06:56', NULL),
(158, 155, 4000, '2021-07-05', '2021-07-06 00:09:42', '2021-07-06 00:09:42', NULL),
(159, 156, 4000, '2021-07-05', '2021-07-06 00:11:54', '2021-07-06 00:11:54', NULL),
(160, 157, 6000, '2021-07-05', '2021-07-06 00:13:24', '2021-07-06 00:13:24', NULL),
(161, 158, 3500, '2021-07-05', '2021-07-06 00:17:31', '2021-07-06 00:17:31', NULL),
(162, 159, 5500, '2021-07-05', '2021-07-06 00:19:06', '2021-07-06 00:19:06', NULL),
(163, 160, 3000, '2021-07-05', '2021-07-06 00:20:37', '2021-07-06 00:20:37', NULL),
(164, 161, 4000, '2021-07-05', '2021-07-06 00:21:34', '2021-07-06 00:21:34', NULL),
(165, 162, 3500, '2021-07-05', '2021-07-06 00:22:41', '2021-07-06 00:22:41', NULL),
(166, 163, 3500, '2021-07-05', '2021-07-06 00:23:38', '2021-07-06 00:23:38', NULL),
(167, 164, 3500, '2021-07-05', '2021-07-06 00:24:44', '2021-07-06 00:24:44', NULL),
(168, 165, 4000, '2021-07-05', '2021-07-06 00:25:57', '2021-07-06 00:25:57', NULL),
(169, 166, 7000, '2021-07-05', '2021-07-06 00:28:11', '2021-07-06 00:28:11', NULL),
(170, 167, 4000, '2021-07-05', '2021-07-06 00:29:40', '2021-07-06 00:29:40', NULL),
(171, 168, 7000, '2021-07-05', '2021-07-06 00:31:07', '2021-07-06 00:31:07', NULL),
(172, 169, 2000, '2021-07-06', '2021-07-09 13:56:09', '2021-07-09 13:56:09', NULL),
(173, 170, 2000, '2021-07-06', '2021-07-09 13:59:08', '2021-07-09 13:59:08', NULL),
(174, 171, 5000, '2021-07-06', '2021-07-09 14:04:18', '2021-07-09 14:04:18', NULL),
(175, 172, 8000, '2021-07-06', '2021-07-09 14:07:14', '2021-07-09 14:07:14', NULL),
(176, 173, 8000, '2021-07-06', '2021-07-09 14:10:55', '2021-07-09 14:10:55', NULL),
(177, 174, 18000, '2021-07-06', '2021-07-09 14:32:53', '2021-07-09 14:32:53', NULL),
(178, 175, 18000, '2021-07-06', '2021-07-09 14:35:04', '2021-07-09 14:35:04', NULL),
(179, 176, 4000, '2021-07-06', '2021-07-09 14:36:48', '2021-07-09 14:36:48', NULL),
(180, 177, 3000, '2021-07-06', '2021-07-09 14:39:35', '2021-07-09 14:39:35', NULL),
(181, 178, 3000, '2021-07-06', '2021-07-09 14:41:26', '2021-07-09 14:41:26', NULL),
(182, 179, 3000, '2021-07-06', '2021-07-09 14:45:06', '2021-07-09 14:45:06', NULL),
(183, 180, 3000, '2021-07-06', '2021-07-09 14:46:52', '2021-07-09 14:46:52', NULL),
(184, 181, 5000, '2021-07-06', '2021-07-09 14:47:48', '2021-07-09 14:47:48', NULL),
(185, 182, 3000, '2021-07-06', '2021-07-09 14:49:37', '2021-07-09 14:49:37', NULL),
(186, 183, 4000, '2021-07-07', '2021-07-09 14:50:46', '2021-07-09 14:50:46', NULL),
(187, 184, 3000, '2021-07-07', '2021-07-09 14:52:16', '2021-07-09 14:52:16', NULL),
(188, 185, 3000, '2021-07-07', '2021-07-09 14:54:04', '2021-07-09 14:54:04', NULL),
(189, 186, 7000, '2021-07-07', '2021-07-09 14:55:23', '2021-07-09 14:55:23', NULL),
(190, 187, 4000, '2021-07-02', '2021-07-15 07:20:08', '2021-07-15 07:20:08', NULL),
(191, 188, 18000, '2021-07-01', '2021-07-15 07:22:34', '2021-07-15 07:22:34', NULL),
(192, 189, 3500, '2021-07-07', '2021-07-15 07:27:10', '2021-07-15 07:27:10', NULL),
(193, 190, 3000, '2021-07-07', '2021-07-15 07:28:39', '2021-07-15 07:28:39', NULL),
(194, 191, 6000, '2021-07-07', '2021-07-15 07:29:50', '2021-07-15 07:29:50', NULL),
(195, 192, 6000, '2021-07-08', '2021-07-15 07:31:31', '2021-07-15 07:31:31', NULL),
(196, 193, 5000, '2021-08-07', '2021-07-15 07:33:00', '2021-07-15 07:33:00', NULL),
(197, 194, 3000, '2021-08-07', '2021-07-15 07:35:23', '2021-07-15 07:35:23', NULL),
(198, 195, 2000, '2021-07-08', '2021-07-15 07:39:00', '2021-07-15 07:39:00', NULL),
(199, 196, 4000, '2021-08-07', '2021-07-15 07:40:49', '2021-07-15 07:40:49', NULL),
(200, 197, 3000, '2021-08-09', '2021-07-15 07:45:07', '2021-07-15 07:45:07', NULL),
(201, 198, 3000, '2021-07-09', '2021-07-15 07:47:43', '2021-07-15 07:47:43', NULL),
(202, 199, 3000, '2021-07-09', '2021-07-15 07:49:01', '2021-07-15 07:49:01', NULL),
(203, 200, 3000, '2021-07-09', '2021-07-15 07:50:41', '2021-07-15 07:50:41', NULL),
(204, 201, 5500, '2021-06-26', '2021-07-15 08:06:15', '2021-07-15 08:06:15', NULL),
(205, 33, 2000, '2021-07-21', '2021-07-27 13:42:39', '2021-07-27 13:42:39', NULL),
(206, 81, 4000, '2021-07-23', '2021-07-27 13:46:04', '2021-07-27 13:46:04', NULL),
(207, 56, 4000, '2021-07-21', '2021-07-27 13:46:39', '2021-07-27 13:46:39', NULL),
(208, 6, 5000, '2021-07-20', '2021-07-27 13:48:12', '2021-07-27 13:48:12', NULL),
(209, 27, 2000, '2021-07-20', '2021-07-27 13:48:39', '2021-07-27 13:48:39', NULL),
(210, 8, 7000, '2021-07-20', '2021-07-27 13:49:10', '2021-07-27 13:49:10', NULL),
(211, 202, 7000, '2021-06-20', '2021-07-27 13:53:26', '2021-07-27 13:53:26', NULL),
(212, 202, 7000, '2021-07-20', '2021-07-27 13:54:04', '2021-07-27 13:54:04', NULL),
(213, 5, 4000, '2021-07-20', '2021-07-27 13:56:28', '2021-07-27 13:56:28', NULL),
(214, 4, 5000, '2021-07-20', '2021-07-27 13:57:04', '2021-07-27 13:57:04', NULL),
(215, 105, 2000, '2021-07-28', '2021-07-27 13:57:41', '2021-07-27 13:57:41', NULL),
(216, 106, 2000, '2021-07-28', '2021-07-27 13:59:01', '2021-07-27 13:59:01', NULL),
(217, 7, 4000, '2021-07-20', '2021-07-27 13:59:27', '2021-07-27 13:59:27', NULL),
(218, 35, 2000, '2021-07-21', '2021-07-27 14:01:17', '2021-07-27 14:01:17', NULL),
(219, 69, 2000, '2021-07-22', '2021-07-27 14:02:03', '2021-07-27 14:02:03', NULL),
(220, 60, 5500, '2021-07-22', '2021-07-27 14:03:37', '2021-07-27 14:03:37', NULL),
(221, 39, 5000, '2021-07-21', '2021-07-28 13:23:12', '2021-07-28 13:23:12', NULL),
(222, 15, 5000, '2021-07-20', '2021-07-28 13:24:24', '2021-07-28 13:24:24', NULL),
(223, 88, 3000, '2021-07-24', '2021-07-28 13:27:12', '2021-07-28 13:27:12', NULL),
(224, 76, 3000, '2021-07-20', '2021-07-28 13:28:27', '2021-07-28 13:28:27', NULL),
(225, 94, 2000, '2021-07-28', '2021-07-28 13:32:26', '2021-07-28 13:32:26', NULL),
(226, 203, 3000, '2021-07-12', '2021-07-29 23:31:22', '2021-07-29 23:31:22', NULL),
(227, 204, 2000, '2021-07-12', '2021-07-29 23:41:08', '2021-07-29 23:41:08', NULL),
(228, 205, 7000, '2021-07-12', '2021-07-30 00:10:34', '2021-07-30 00:10:34', NULL),
(229, 206, 0, '2021-07-13', '2021-07-30 00:14:01', '2021-07-30 00:14:01', NULL),
(230, 207, 7000, '2021-07-14', '2021-07-30 00:18:14', '2021-07-30 00:18:14', NULL),
(231, 208, 7000, '2021-07-14', '2021-07-30 00:21:00', '2021-07-30 00:21:00', NULL),
(232, 209, 2000, '2021-07-26', '2021-07-30 00:33:45', '2021-07-30 00:33:45', NULL),
(233, 210, 7000, '2021-06-26', '2021-07-30 00:40:46', '2021-07-30 00:40:46', NULL),
(234, 211, 3000, '2021-06-20', '2021-07-30 00:49:39', '2021-07-30 00:49:39', NULL),
(235, 212, 7000, '2021-07-26', '2021-07-30 00:53:33', '2021-07-30 00:53:33', NULL),
(236, 213, 2000, '2021-07-26', '2021-07-30 00:55:45', '2021-07-30 00:55:45', NULL),
(237, 214, 5000, '2021-07-26', '2021-07-30 00:59:54', '2021-07-30 00:59:54', NULL),
(238, 215, 2000, '2021-04-26', '2021-07-30 01:02:38', '2021-07-30 01:02:38', NULL),
(239, 216, 2000, '2021-07-20', '2021-07-30 01:09:28', '2021-07-30 01:09:28', NULL),
(240, 217, 2000, '2021-07-26', '2021-07-30 01:12:38', '2021-07-30 01:12:38', NULL),
(241, 218, 2000, '2021-07-26', '2021-07-30 01:31:34', '2021-07-30 01:31:34', NULL),
(242, 219, 2000, '2021-07-25', '2021-07-30 01:33:31', '2021-07-30 01:33:31', NULL),
(243, 220, 5000, '2021-07-26', '2021-07-30 01:36:16', '2021-07-30 01:36:16', NULL),
(244, 221, 7000, '2021-07-26', '2021-07-30 01:38:13', '2021-07-30 01:38:13', NULL),
(245, 222, 2000, '2021-07-26', '2021-07-30 01:40:54', '2021-07-30 01:40:54', NULL),
(246, 223, 2000, '2021-07-26', '2021-07-30 01:45:13', '2021-07-30 01:45:13', NULL),
(247, 224, 4000, '2021-07-26', '2021-07-30 01:49:56', '2021-07-30 01:49:56', NULL),
(248, 225, 2000, '2021-07-26', '2021-07-30 01:53:31', '2021-07-30 01:53:31', NULL),
(249, 226, 3000, '2021-07-26', '2021-07-30 01:56:32', '2021-07-30 01:56:32', NULL),
(250, 227, 5000, '2021-07-27', '2021-07-30 02:02:34', '2021-07-30 02:02:34', NULL),
(251, 228, 4000, '2021-07-27', '2021-07-30 02:05:16', '2021-07-30 02:05:16', NULL),
(252, 229, 4000, '2021-07-27', '2021-07-30 02:07:58', '2021-07-30 02:07:58', NULL),
(253, 211, 3000, '2021-07-20', '2021-07-30 02:08:30', '2021-07-30 02:08:30', NULL),
(254, 230, 2000, '2021-07-27', '2021-07-30 02:11:59', '2021-07-30 02:11:59', NULL),
(255, 231, 2000, '2021-07-27', '2021-07-30 02:13:25', '2021-07-30 02:13:25', NULL),
(256, 232, 2000, '2021-07-27', '2021-07-30 02:16:08', '2021-07-30 02:16:08', NULL),
(257, 233, 2000, '2021-07-27', '2021-07-30 02:18:00', '2021-07-30 02:18:00', NULL),
(258, 234, 14000, '2021-07-27', '2021-07-30 02:22:01', '2021-07-30 02:22:01', NULL),
(259, 235, 2000, '2021-07-28', '2021-07-30 02:24:45', '2021-07-30 02:24:45', NULL),
(260, 236, 4000, '2021-07-28', '2021-07-30 02:27:53', '2021-07-30 02:27:53', NULL),
(261, 237, 2000, '2021-07-28', '2021-07-30 06:49:31', '2021-07-30 06:49:31', NULL),
(262, 238, 2000, '2021-07-28', '2021-07-30 06:51:17', '2021-07-30 06:51:17', NULL),
(263, 239, 3000, '2021-07-28', '2021-07-30 06:53:55', '2021-07-30 06:53:55', NULL),
(264, 240, 4000, '2021-07-28', '2021-07-30 06:56:38', '2021-07-30 06:56:38', NULL),
(265, 241, 5000, '2021-07-28', '2021-07-30 06:58:34', '2021-07-30 06:58:34', NULL),
(266, 242, 3500, '2021-07-28', '2021-07-30 07:01:41', '2021-07-30 07:01:41', NULL),
(267, 243, 5000, '2021-07-28', '2021-07-30 07:07:24', '2021-07-30 07:07:24', NULL),
(268, 244, 4000, '2021-07-28', '2021-07-30 07:09:58', '2021-07-30 07:09:58', NULL),
(269, 245, 4000, '2021-07-28', '2021-07-30 07:12:36', '2021-07-30 07:12:36', NULL),
(270, 246, 4000, '2021-07-29', '2021-07-30 07:15:21', '2021-07-30 07:15:21', NULL),
(271, 247, 2000, '2021-07-29', '2021-07-30 07:17:28', '2021-07-30 07:17:28', NULL),
(272, 248, 2000, '2021-07-29', '2021-07-30 07:19:57', '2021-07-30 07:19:57', NULL),
(273, 28, 5000, '2021-07-20', '2021-07-30 07:23:39', '2021-07-30 07:23:39', NULL),
(274, 249, 3500, '2021-07-26', '2021-07-30 07:26:44', '2021-07-30 07:26:44', NULL),
(275, 250, 1500, '2021-07-30', '2021-07-30 08:53:09', '2021-07-30 08:53:09', NULL),
(276, 251, 1500, '2021-07-30', '2021-07-30 08:55:26', '2021-07-30 08:55:26', NULL),
(277, 252, 5000, '2021-07-30', '2021-07-30 12:47:42', '2021-07-30 12:47:42', NULL),
(278, 253, 2000, '2021-07-30', '2021-07-30 12:50:16', '2021-07-30 12:50:16', NULL),
(279, 18, 4000, '2021-07-20', '2021-07-31 04:57:31', '2021-07-31 04:57:31', NULL),
(280, 16, 4000, '2021-07-20', '2021-07-31 04:58:45', '2021-07-31 04:58:45', NULL),
(281, 100, 0, '2021-07-27', '2021-07-31 04:59:43', '2021-07-31 04:59:43', NULL),
(282, 104, 5000, '2021-07-28', '2021-07-31 08:46:21', '2021-07-31 08:46:21', NULL),
(283, 29, 3500, '2021-07-20', '2021-07-31 11:08:56', '2021-07-31 11:08:56', NULL),
(284, 110, 5000, '2021-07-28', '2021-07-31 12:11:39', '2021-07-31 12:11:39', NULL),
(285, 254, 2000, '2021-07-31', '2021-07-31 12:18:41', '2021-07-31 12:18:41', NULL),
(286, 255, 5000, '2021-07-31', '2021-07-31 12:33:09', '2021-07-31 12:33:09', NULL),
(287, 256, 5000, '2021-08-02', '2021-08-01 22:11:06', '2021-08-01 22:11:06', NULL),
(288, 257, 3000, '2021-08-03', '2021-08-04 01:07:17', '2021-08-04 01:07:17', NULL),
(289, 258, 2000, '2021-08-03', '2021-08-04 01:10:31', '2021-08-04 01:10:31', NULL),
(290, 259, 3000, '2021-08-03', '2021-08-04 01:13:26', '2021-08-04 01:13:26', NULL),
(291, 260, 3000, '2021-08-03', '2021-08-04 01:21:08', '2021-08-04 01:21:08', NULL),
(292, 261, 5000, '2021-08-03', '2021-08-04 01:35:41', '2021-08-04 01:35:41', NULL),
(293, 262, 1700, '2021-08-03', '2021-08-04 02:24:19', '2021-08-04 02:24:19', NULL),
(294, 263, 1700, '2021-08-03', '2021-08-04 02:38:46', '2021-08-04 02:38:46', NULL),
(295, 264, 1700, '2021-08-03', '2021-08-04 02:43:49', '2021-08-04 02:43:49', NULL),
(296, 265, 1700, '2021-08-03', '2021-08-04 02:57:37', '2021-08-04 02:57:37', NULL),
(297, 266, 2000, '2021-08-03', '2021-08-04 03:06:03', '2021-08-04 03:06:03', NULL),
(298, 267, 3500, '2021-08-03', '2021-08-04 03:08:43', '2021-08-04 03:08:43', NULL),
(299, 268, 3000, '2021-08-02', '2021-08-04 03:40:47', '2021-08-04 03:40:47', NULL),
(300, 269, 7000, '2021-08-02', '2021-08-04 07:38:01', '2021-08-04 07:38:01', NULL),
(301, 270, 3500, '2021-08-02', '2021-08-04 07:40:33', '2021-08-04 07:40:33', NULL),
(302, 271, 2000, '2021-08-02', '2021-08-04 07:42:37', '2021-08-04 07:42:37', NULL),
(303, 272, 2000, '2021-08-02', '2021-08-04 07:44:35', '2021-08-04 07:44:35', NULL),
(304, 273, 3500, '2021-08-02', '2021-08-04 07:46:06', '2021-08-04 07:46:06', NULL),
(305, 274, 3500, '2021-08-02', '2021-08-04 07:47:41', '2021-08-04 07:47:41', NULL),
(306, 275, 2000, '2021-08-02', '2021-08-04 07:56:10', '2021-08-04 07:56:10', NULL),
(307, 276, 2000, '2021-08-02', '2021-08-04 07:57:24', '2021-08-04 07:57:24', NULL),
(308, 277, 2000, '2021-08-02', '2021-08-04 07:58:43', '2021-08-04 07:58:43', NULL),
(309, 278, 2000, '2021-08-02', '2021-08-04 08:00:48', '2021-08-04 08:00:48', NULL),
(310, 279, 2000, '2021-08-03', '2021-08-04 08:01:59', '2021-08-04 08:01:59', NULL),
(311, 280, 7000, '2021-08-03', '2021-08-04 08:04:27', '2021-08-04 08:04:27', NULL),
(312, 281, 2000, '2021-08-03', '2021-08-04 08:19:39', '2021-08-04 08:19:39', NULL),
(313, 282, 4000, '2021-08-03', '2021-08-04 08:21:16', '2021-08-04 08:21:16', NULL),
(314, 283, 2000, '2021-08-03', '2021-08-04 08:23:15', '2021-08-04 08:23:15', NULL),
(315, 284, 2000, '2021-08-03', '2021-08-04 08:24:52', '2021-08-04 08:24:52', NULL),
(316, 285, 10000, '2021-08-03', '2021-08-04 08:26:17', '2021-08-04 08:26:17', NULL),
(317, 192, 5000, '2021-08-05', '2021-08-04 23:57:14', '2021-08-04 23:57:14', NULL),
(318, 286, 3500, '2021-08-05', '2021-08-09 05:09:52', '2021-08-09 05:09:52', NULL),
(319, 287, 2000, '2021-08-05', '2021-08-09 05:29:44', '2021-08-09 05:29:44', NULL),
(320, 288, 3000, '2021-08-05', '2021-08-09 06:10:17', '2021-08-09 06:10:17', NULL),
(321, 289, 3500, '2021-08-05', '2021-08-09 06:12:08', '2021-08-09 06:12:08', NULL),
(322, 290, 2000, '2021-08-05', '2021-08-09 06:13:46', '2021-08-09 06:13:46', NULL),
(323, 291, 2000, '2021-08-05', '2021-08-09 06:16:17', '2021-08-09 06:16:17', NULL),
(324, 292, 2000, '2021-08-05', '2021-08-09 06:19:10', '2021-08-09 06:19:10', NULL),
(325, 293, 2000, '2021-08-05', '2021-08-09 06:21:27', '2021-08-09 06:21:27', NULL),
(326, 294, 2000, '2021-08-05', '2021-08-09 06:24:28', '2021-08-09 06:24:28', NULL),
(327, 295, 2000, '2021-08-05', '2021-08-09 06:26:02', '2021-08-09 06:26:02', NULL),
(328, 296, 5000, '2021-08-05', '2021-08-09 06:27:42', '2021-08-09 06:27:42', NULL),
(329, 297, 2000, '2021-08-05', '2021-08-09 06:29:37', '2021-08-09 06:29:37', NULL),
(330, 298, 2000, '2021-08-05', '2021-08-09 06:30:52', '2021-08-09 06:30:52', NULL),
(331, 299, 3500, '2021-08-05', '2021-08-09 06:32:28', '2021-08-09 06:32:28', NULL),
(332, 300, 3000, '2021-08-05', '2021-08-09 06:36:30', '2021-08-09 06:36:30', NULL),
(333, 301, 2000, '2021-08-06', '2021-08-09 06:37:56', '2021-08-09 06:37:56', NULL),
(334, 302, 2000, '2021-08-06', '2021-08-09 06:39:54', '2021-08-09 06:39:54', NULL),
(335, 303, 1750, '2021-08-06', '2021-08-09 06:41:16', '2021-08-09 06:41:16', NULL),
(336, 304, 1750, '2021-08-09', '2021-08-09 06:45:28', '2021-08-09 06:45:28', NULL),
(337, 305, 2000, '2021-08-09', '2021-08-09 06:46:51', '2021-08-09 06:46:51', NULL),
(338, 306, 7000, '2021-08-06', '2021-08-09 06:49:10', '2021-08-09 06:49:10', NULL),
(339, 307, 5000, '2021-07-08', '2021-08-10 00:16:50', '2021-08-10 00:16:50', NULL),
(340, 308, 2000, '2021-08-09', '2021-08-10 05:35:18', '2021-08-10 05:35:18', NULL),
(341, 309, 7000, '2021-08-07', '2021-08-10 05:50:31', '2021-08-10 05:50:31', NULL),
(342, 310, 3000, '2021-08-07', '2021-08-10 05:55:06', '2021-08-10 05:55:06', NULL),
(343, 311, 2000, '2021-08-07', '2021-08-10 05:57:27', '2021-08-10 05:57:27', NULL),
(344, 312, 4000, '2021-08-07', '2021-08-10 06:00:15', '2021-08-10 06:00:15', NULL),
(345, 313, 7000, '2021-08-09', '2021-08-10 06:03:09', '2021-08-10 06:03:09', NULL),
(346, 314, 5000, '2021-08-09', '2021-08-10 06:06:53', '2021-08-10 06:06:53', NULL),
(347, 315, 2000, '2021-09-08', '2021-08-10 06:11:04', '2021-08-10 06:11:04', NULL),
(348, 316, 1500, '2021-08-09', '2021-08-10 06:12:55', '2021-08-10 06:12:55', NULL),
(349, 317, 2000, '2021-08-09', '2021-08-10 06:15:54', '2021-08-10 06:15:54', NULL),
(350, 318, 3500, '2021-08-09', '2021-08-10 06:17:49', '2021-08-10 06:17:49', NULL),
(351, 319, 2000, '2021-08-09', '2021-08-10 06:22:31', '2021-08-10 06:22:31', NULL),
(352, 320, 2000, '2021-08-09', '2021-08-10 06:26:32', '2021-08-10 06:26:32', NULL),
(353, 139, 2000, '2021-08-10', '2021-08-10 07:33:32', '2021-08-10 07:33:32', NULL),
(354, 321, 5000, '2021-08-10', '2021-08-11 01:09:08', '2021-08-11 01:09:08', NULL),
(355, 322, 2000, '2021-08-09', '2021-08-11 01:13:42', '2021-08-11 01:13:42', NULL),
(356, 323, 2000, '2021-08-09', '2021-08-11 01:16:27', '2021-08-11 01:16:27', NULL),
(357, 324, 3000, '2021-08-09', '2021-08-11 01:19:56', '2021-08-11 01:19:56', NULL),
(358, 325, 2000, '2021-08-09', '2021-08-11 01:30:11', '2021-08-11 01:30:11', NULL),
(359, 326, 2000, '2021-08-04', '2021-08-11 01:41:59', '2021-08-11 01:41:59', NULL),
(360, 327, 3000, '2021-08-05', '2021-08-11 01:44:59', '2021-08-11 01:44:59', NULL),
(361, 328, 2000, '2021-08-05', '2021-08-11 01:46:54', '2021-08-11 01:46:54', NULL),
(362, 329, 2000, '2021-08-05', '2021-08-11 01:49:16', '2021-08-11 01:49:16', NULL),
(363, 330, 6000, '2021-08-05', '2021-08-11 01:52:39', '2021-08-11 01:52:39', NULL),
(364, 331, 2000, '2021-08-05', '2021-08-11 01:54:25', '2021-08-11 01:54:25', NULL),
(365, 332, 2000, '2021-05-04', '2021-08-11 02:37:12', '2021-08-11 02:37:12', NULL),
(366, 333, 1500, '2021-02-03', '2021-08-11 02:38:42', '2021-08-11 02:38:42', NULL),
(367, 334, 2000, '2021-08-04', '2021-08-11 02:43:46', '2021-08-11 02:43:46', NULL),
(368, 335, 2000, '2021-08-04', '2021-08-11 02:46:58', '2021-08-11 02:46:58', NULL),
(369, 336, 7000, '2021-09-08', '2021-08-11 02:49:54', '2021-08-11 02:49:54', NULL),
(370, 337, 2000, '2021-08-04', '2021-08-11 02:52:41', '2021-08-11 02:52:41', NULL),
(371, 338, 2000, '2021-08-04', '2021-08-11 02:55:05', '2021-08-11 02:55:05', NULL),
(372, 339, 4000, '2021-08-04', '2021-08-11 02:58:27', '2021-08-11 02:58:27', NULL),
(373, 340, 2000, '2021-08-04', '2021-08-11 03:01:05', '2021-08-11 03:01:05', NULL),
(374, 341, 2000, '2021-08-04', '2021-08-11 03:05:51', '2021-08-11 03:05:51', NULL),
(375, 342, 2000, '2021-08-04', '2021-08-11 03:07:13', '2021-08-11 03:07:13', NULL),
(376, 343, 2000, '2021-08-05', '2021-08-11 03:08:41', '2021-08-11 03:08:41', NULL),
(377, 344, 2000, '2021-08-05', '2021-08-11 03:09:58', '2021-08-11 03:09:58', NULL),
(378, 345, 4000, '2021-08-05', '2021-08-11 03:11:25', '2021-08-11 03:11:25', NULL),
(379, 346, 2000, '2021-08-05', '2021-08-11 03:14:52', '2021-08-11 03:14:52', NULL),
(380, 347, 200, '2021-08-05', '2021-08-11 03:19:15', '2021-08-11 03:19:15', NULL),
(381, 348, 2000, '2021-08-04', '2021-08-11 03:20:47', '2021-08-11 03:20:47', NULL),
(382, 349, 2000, '2021-08-04', '2021-08-11 03:22:40', '2021-08-11 03:22:40', NULL),
(383, 350, 2000, '2021-08-09', '2021-08-11 03:40:34', '2021-08-11 03:40:34', NULL),
(384, 88, 3000, '2021-08-24', '2021-08-11 07:21:20', '2021-08-11 07:21:20', NULL),
(385, 211, 3000, '2021-08-20', '2021-08-11 07:26:28', '2021-08-11 07:26:28', NULL),
(386, 44, 2000, '2021-08-08', '2021-08-11 11:30:25', '2021-08-11 11:30:25', NULL),
(387, 351, 11000, '2021-07-29', '2021-08-11 11:47:01', '2021-08-11 11:47:01', NULL),
(388, 102, 3000, '2021-07-28', '2021-08-11 11:48:24', '2021-08-11 11:48:24', NULL),
(389, 86, 3000, '242021-01-07', '2021-08-11 11:49:00', '2021-08-11 11:49:00', NULL),
(390, 89, 5000, '72021-02-04', '2021-08-11 11:50:04', '2021-08-11 11:50:04', NULL),
(391, 130, 2000, '2021-07-30', '2021-08-11 11:50:35', '2021-08-11 11:50:35', NULL),
(392, 131, 2000, '2021-07-30', '2021-08-11 11:51:07', '2021-08-11 11:51:07', NULL),
(393, 189, 5000, '2021-08-03', '2021-08-11 11:54:59', '2021-08-11 11:54:59', NULL),
(394, 164, 4000, '2021-08-02', '2021-08-11 11:55:51', '2021-08-11 11:55:51', NULL),
(395, 158, 3000, '2021-08-03', '2021-08-11 11:56:38', '2021-08-11 11:56:38', NULL),
(396, 197, 2000, '2021-07-09', '2021-08-11 11:59:01', '2021-08-11 11:59:01', NULL),
(397, 17, 4000, '2021-07-20', '2021-08-11 11:59:54', '2021-08-11 11:59:54', NULL),
(398, 142, 2500, '2021-08-01', '2021-08-11 12:03:38', '2021-08-11 12:03:38', NULL),
(399, 190, 2000, '2021-08-07', '2021-08-11 12:05:03', '2021-08-11 12:05:03', NULL),
(400, 74, 2000, '2021-07-22', '2021-08-11 12:06:33', '2021-08-11 12:06:33', NULL),
(401, 193, 7000, '2021-07-08', '2021-08-11 12:08:01', '2021-08-11 12:08:01', NULL),
(402, 307, 5000, '2021-08-07', '2021-08-11 12:09:53', '2021-08-11 12:09:53', NULL),
(403, 185, 3000, '2021-08-07', '2021-08-11 12:11:27', '2021-08-11 12:11:27', NULL),
(404, 172, 7000, '2021-08-06', '2021-08-11 12:12:18', '2021-08-11 12:12:18', NULL),
(405, 30, 2000, '2021-07-20', '2021-08-11 12:14:41', '2021-08-11 12:14:41', NULL),
(406, 144, 2000, '2021-08-01', '2021-08-11 12:15:17', '2021-08-11 12:15:17', NULL),
(407, 143, 2000, '2021-08-01', '2021-08-11 12:15:56', '2021-08-11 12:15:56', NULL),
(408, 162, 3500, '2021-08-05', '2021-08-11 12:19:44', '2021-08-11 12:19:44', NULL),
(409, 163, 3500, '2021-08-05', '2021-08-11 12:20:41', '2021-08-11 12:20:41', NULL),
(410, 157, 2000, '2021-08-05', '2021-08-11 12:21:23', '2021-08-11 12:21:23', NULL),
(411, 55, 2000, '2021-07-20', '2021-08-11 12:22:08', '2021-08-11 12:22:08', NULL),
(412, 160, 2000, '2021-08-05', '2021-08-11 12:23:09', '2021-08-11 12:23:09', NULL),
(413, 352, 3500, '2021-08-05', '2021-08-12 06:50:26', '2021-08-12 06:50:26', NULL),
(414, 353, 2200, '2021-08-05', '2021-08-12 06:51:56', '2021-08-12 06:51:56', NULL),
(415, 354, 3000, '2021-08-05', '2021-08-12 06:53:11', '2021-08-12 06:53:11', NULL),
(416, 355, 2000, '2021-08-05', '2021-08-12 06:54:35', '2021-08-12 06:54:35', NULL),
(417, 356, 4500, '2021-08-05', '2021-08-12 06:55:56', '2021-08-12 06:55:56', NULL),
(418, 357, 2200, '2021-08-04', '2021-08-12 06:57:20', '2021-08-12 06:57:20', NULL),
(419, 358, 3000, '2021-08-04', '2021-08-12 07:01:10', '2021-08-12 07:01:10', NULL),
(420, 359, 2000, '2021-08-04', '2021-08-12 07:02:35', '2021-08-12 07:02:35', NULL),
(421, 360, 2000, '2021-08-05', '2021-08-12 07:03:48', '2021-08-12 07:03:48', NULL),
(422, 361, 2000, '2021-08-09', '2021-08-12 07:10:47', '2021-08-12 07:10:47', NULL),
(423, 362, 1700, '2021-08-10', '2021-08-12 07:12:54', '2021-08-12 07:12:54', NULL),
(424, 363, 1700, '2021-08-10', '2021-08-12 07:14:20', '2021-08-12 07:14:20', NULL),
(425, 364, 2000, '2021-08-10', '2021-08-12 07:29:32', '2021-08-12 07:29:32', NULL),
(426, 365, 2000, '2021-08-10', '2021-08-12 07:31:13', '2021-08-12 07:31:13', NULL),
(427, 366, 6000, '2021-08-10', '2021-08-12 07:34:16', '2021-08-12 07:34:16', NULL),
(428, 367, 3000, '2021-08-10', '2021-08-12 07:36:02', '2021-08-12 07:36:02', NULL),
(429, 368, 2000, '2021-08-10', '2021-08-12 07:37:25', '2021-08-12 07:37:25', NULL),
(430, 369, 2000, '2021-08-10', '2021-08-12 07:38:50', '2021-08-12 07:38:50', NULL),
(431, 370, 2000, '2021-08-10', '2021-08-12 07:41:32', '2021-08-12 07:41:32', NULL),
(432, 371, 2000, '2021-08-10', '2021-08-12 07:43:00', '2021-08-12 07:43:00', NULL),
(433, 372, 2000, '2021-08-10', '2021-08-12 07:44:12', '2021-08-12 07:44:12', NULL),
(434, 373, 2000, '2021-08-10', '2021-08-12 07:48:20', '2021-08-12 07:48:20', NULL),
(435, 374, 2000, '2021-08-11', '2021-08-12 07:49:19', '2021-08-12 07:49:19', NULL),
(436, 375, 2000, '2021-08-11', '2021-08-12 07:50:40', '2021-08-12 07:50:40', NULL),
(437, 376, 2000, '2021-08-11', '2021-08-12 07:51:36', '2021-08-12 07:51:36', NULL),
(438, 377, 4000, '2021-08-11', '2021-08-12 07:58:29', '2021-08-12 07:58:29', NULL),
(439, 378, 4000, '2021-08-11', '2021-08-12 08:00:08', '2021-08-12 08:00:08', NULL),
(440, 379, 5000, '2021-08-11', '2021-08-12 08:06:00', '2021-08-12 08:06:00', NULL),
(441, 380, 4500, '2021-08-12', '2021-08-12 08:08:04', '2021-08-12 08:08:04', NULL),
(442, 381, 4000, '2021-08-12', '2021-08-12 08:12:29', '2021-08-12 08:12:29', NULL),
(443, 382, 3000, '2021-08-12', '2021-08-12 10:02:08', '2021-08-12 10:02:08', NULL),
(444, 107, 16000, '2021-07-28', '2021-08-12 11:27:16', '2021-08-12 11:27:16', NULL),
(445, 383, 7000, '2021-08-10', '2021-08-13 09:56:49', '2021-08-13 09:56:49', NULL);

-- --------------------------------------------------------

--
-- Table structure for table `members`
--

CREATE TABLE `members` (
  `id` bigint(20) UNSIGNED NOT NULL,
  `member_no` varchar(30) COLLATE utf8mb4_unicode_ci NOT NULL,
  `name` varchar(50) COLLATE utf8mb4_unicode_ci NOT NULL,
  `email` varchar(50) COLLATE utf8mb4_unicode_ci DEFAULT NULL,
  `mobile` varchar(50) COLLATE utf8mb4_unicode_ci DEFAULT NULL,
  `phone` varchar(50) COLLATE utf8mb4_unicode_ci DEFAULT NULL,
  `father_name` varchar(50) COLLATE utf8mb4_unicode_ci NOT NULL,
  `gender` varchar(10) COLLATE utf8mb4_unicode_ci NOT NULL DEFAULT 'male',
  `age` varchar(10) COLLATE utf8mb4_unicode_ci DEFAULT NULL,
  `height` varchar(10) COLLATE utf8mb4_unicode_ci DEFAULT NULL,
  `weight` varchar(10) COLLATE utf8mb4_unicode_ci DEFAULT NULL,
  `occupation` varchar(20) COLLATE utf8mb4_unicode_ci DEFAULT NULL,
  `timing` varchar(255) COLLATE utf8mb4_unicode_ci DEFAULT NULL,
  `address` varchar(500) COLLATE utf8mb4_unicode_ci DEFAULT NULL,
  `cnic` varchar(20) COLLATE utf8mb4_unicode_ci DEFAULT NULL,
  `branch` varchar(255) COLLATE utf8mb4_unicode_ci DEFAULT NULL,
  `medical_problem` text COLLATE utf8mb4_unicode_ci,
  `package` varchar(255) COLLATE utf8mb4_unicode_ci NOT NULL DEFAULT '0',
  `join_date` date DEFAULT NULL,
  `status` tinyint(1) NOT NULL DEFAULT '0',
  `created_at` timestamp NULL DEFAULT NULL,
  `updated_at` timestamp NULL DEFAULT NULL,
  `package_id` varchar(100) COLLATE utf8mb4_unicode_ci DEFAULT NULL
) ENGINE=InnoDB DEFAULT CHARSET=utf8mb4 COLLATE=utf8mb4_unicode_ci;

--
-- Dumping data for table `members`
--

INSERT INTO `members` (`id`, `member_no`, `name`, `email`, `mobile`, `phone`, `father_name`, `gender`, `age`, `height`, `weight`, `occupation`, `timing`, `address`, `cnic`, `branch`, `medical_problem`, `package`, `join_date`, `status`, `created_at`, `updated_at`, `package_id`) VALUES
(4, 'N2021-269', 'FATIMA MEHMOOD', NULL, '03062705123', NULL, 'Mehmood Ismail', 'female', '37', '5,2', '90', 'house wife', '11:00AM', '3F/ 3/2 Shahzaib heights', '4210125120378', NULL, 'Sugar, and Blood Pressure', '6000', '2021-06-20', 1, '2021-06-21 15:24:29', '2021-07-27 01:34:41', '23,'),
(5, 'N2021-21', 'MUHAMMAD FAIZAN KHAN', NULL, '03143966988', NULL, 'M. TUFAIL', 'male', '29', NULL, NULL, NULL, 'MORNING', '7/19,BLOCK 3-H NAZIMAABD NO 3', '4230143401419', NULL, NULL, '6000', '2021-06-20', 1, '2021-06-22 22:03:06', '2021-07-27 01:35:04', NULL),
(6, 'N2021-23', 'JAWAD SIDDIQUI', NULL, '03462320550', NULL, 'JAVED SIDDIQUI', 'male', '30', NULL, NULL, 'employed', 'EVENING', '4-A 14/2 NAZIMABAD NO 4', '4210123118023', NULL, NULL, '6000', '2021-06-20', 1, '2021-06-22 22:06:05', '2021-06-22 22:06:05', NULL),
(7, 'N2021-24', 'JAMSHED SIDDIQUI', NULL, '03218907496', NULL, 'JAVED SIDDIQUI', 'male', '35', NULL, NULL, NULL, 'EVENING', '4-A 14/2 NAZIMABAD NO 4', NULL, NULL, NULL, '5000', '2021-06-20', 1, '2021-06-22 22:08:17', '2021-06-22 22:08:17', NULL),
(8, 'N2021-25', 'M.YASEEN', NULL, '03412588876', NULL, 'M.IQBAL', 'male', '26', NULL, NULL, NULL, 'EVENING', '-', NULL, NULL, NULL, '8000', '2021-06-20', 1, '2021-06-22 22:12:12', '2021-06-22 22:12:12', NULL),
(9, 'N2021-27', 'MUHAMMAD AHMED', NULL, '03133379780', NULL, 'SHAHID HUSSAIN', 'male', '31', NULL, NULL, NULL, 'MORNING', '-', NULL, NULL, NULL, '4500', '2021-06-20', 1, '2021-06-22 22:28:16', '2021-06-22 22:28:16', NULL),
(10, 'N2021-28', 'AHMER RAZA', NULL, '03341205481', NULL, 'SHAHID RAZA', 'male', '26', NULL, NULL, NULL, '-', '-', NULL, NULL, NULL, '6000', '2021-06-20', 1, '2021-06-22 22:29:31', '2021-06-22 22:30:39', NULL),
(11, 'N2021-29', 'ZOHAIB KHALIL', NULL, '03452991337', NULL, 'KHALIL UR REHMAN', 'male', '28', NULL, NULL, NULL, '-', '-', NULL, NULL, NULL, '3000', '2021-06-20', 0, '2021-06-22 22:34:08', '2021-07-29 04:47:39', NULL),
(12, 'N2021-30', 'WAQAS BUTT', NULL, '03422905793', NULL, 'SOHAIL BUTT', 'male', '28', NULL, NULL, NULL, 'EVENING', '-', NULL, NULL, NULL, '3000', '2021-06-20', 0, '2021-06-22 22:36:22', '2021-07-29 04:47:53', NULL),
(13, 'N2021-31', 'FAIQ HASHMI', NULL, '03032587105', NULL, 'IMRAN AHMED HASHMI', 'male', '21', NULL, NULL, NULL, 'EVENING', '-', NULL, NULL, NULL, '6000', '2021-06-20', 1, '2021-06-22 22:40:18', '2021-06-22 22:40:18', NULL),
(14, 'N2021-32', 'ZAEM SHAHID', NULL, '03019329487', NULL, 'SHAHID AHMED', 'male', '21', NULL, NULL, NULL, 'EVENING', '-', NULL, NULL, NULL, '600', '2021-06-20', 1, '2021-06-22 22:44:03', '2021-06-22 22:44:03', NULL),
(15, 'N2021-34', 'M.KHURRAM FIAZ', NULL, '03002914256', NULL, 'FAIZ MUHAMMAD QURESHI', 'male', '38', NULL, NULL, NULL, 'EVENING', '-', NULL, NULL, 'S C T', '6000', '2021-06-20', 1, '2021-06-22 22:48:20', '2021-07-31 05:11:35', NULL),
(16, 'N2021-35', 'JUNAID AHMED MAROCH', NULL, '03330379469', NULL, 'MUHAMMAD AHMED', 'male', '26', NULL, NULL, NULL, 'EVENING', '-', NULL, NULL, NULL, '5000', '2021-06-20', 1, '2021-06-22 22:49:46', '2021-06-22 22:49:46', NULL),
(17, 'N2021-36', 'HUZAIFA AMIN', NULL, '03362145147', NULL, 'MUHAMMAD AMIN', 'male', '25', NULL, NULL, NULL, 'EVENING', '-', NULL, NULL, NULL, '6000', '2021-06-20', 1, '2021-06-22 22:51:28', '2021-06-22 22:51:28', NULL),
(18, 'N2021-37', 'ABDUL REHMAN', NULL, '03333243700', NULL, 'ALTAF HUSSAIN', 'male', '27', NULL, NULL, NULL, 'EVENING', '-', NULL, NULL, NULL, '5000', '2021-06-20', 1, '2021-06-22 22:52:58', '2021-06-22 22:52:58', NULL),
(19, 'N2021-39', 'MUBASHIR AHMED KHATRI', NULL, '03222495880', NULL, 'AMANULLAH KHATRI', 'male', '28', NULL, NULL, NULL, 'EVENING', '-', NULL, NULL, NULL, '5000', '2021-06-20', 1, '2021-06-22 22:56:18', '2021-06-22 22:56:18', NULL),
(20, 'N2021-40', 'UZZAM AHMED SHAIKH', NULL, '03352119616', NULL, 'EJAZ AHMED SHAIKH', 'male', '26', NULL, NULL, NULL, 'MORNING', '-', NULL, NULL, NULL, '2000', '2021-06-20', 1, '2021-06-22 23:00:33', '2021-06-22 23:00:33', NULL),
(21, 'N2021-41', 'USAMA SALEEM', NULL, '03471257747', NULL, 'MUHAMMAD SALEEM', 'male', '21', NULL, NULL, NULL, '8', '-', NULL, NULL, NULL, '3000', '2021-06-20', 1, '2021-06-22 23:05:36', '2021-06-22 23:05:36', NULL),
(22, 'N2021-43', 'OSAMA INAM', NULL, '03402608106', NULL, 'INAM UR REHMAN', 'male', '23', NULL, NULL, NULL, 'MORNING', '-', NULL, NULL, NULL, '2000', '2021-06-20', 1, '2021-06-22 23:12:18', '2021-06-22 23:12:18', NULL),
(23, 'N2021-44', 'SYED MOEZGUL', NULL, '03423393992', NULL, 'SYED ASAD', 'male', '25', NULL, NULL, NULL, 'EVENING', '-', NULL, NULL, NULL, '3000', '2021-06-20', 1, '2021-06-22 23:15:03', '2021-06-22 23:15:03', NULL),
(24, 'N2021-45', 'ANAS ASIF', NULL, '03241667788', NULL, 'ASIF AFTAB', 'male', '21', NULL, NULL, NULL, 'MORNING', '-', NULL, NULL, NULL, '5000', '2021-06-20', 1, '2021-06-22 23:19:39', '2021-06-22 23:19:39', NULL),
(25, 'N2021-46', 'DAYYAN HASEEB', NULL, '03218783422', NULL, 'HASEEB MURTAZA', 'male', '26', NULL, NULL, NULL, 'EVENING', '-', NULL, NULL, NULL, '3000', '2021-06-20', 1, '2021-06-22 23:23:18', '2021-06-22 23:23:18', NULL),
(26, 'N2021-47', 'ZAEM AKHTER', NULL, '03131101724', NULL, 'PARVAIZ AKHTER', 'male', '26', NULL, NULL, NULL, 'MORNING', '-', NULL, NULL, NULL, '3000', '2021-06-20', 1, '2021-06-22 23:24:55', '2021-06-22 23:24:55', NULL),
(27, 'N2021-48', 'MANSOOR AHMED', NULL, '03002604163', NULL, 'M.KAMIL', 'male', '53', NULL, NULL, NULL, '6', '-', NULL, NULL, NULL, '2000', '2021-06-20', 1, '2021-06-22 23:27:49', '2021-06-22 23:27:49', NULL),
(28, 'N2021-50', 'EHTESHAM HASSAN', NULL, '03332315155', NULL, 'M.QAYYUM', 'male', '43', NULL, NULL, NULL, '7.30', '-', NULL, NULL, NULL, '6000', '2021-06-20', 1, '2021-06-22 23:29:55', '2021-06-22 23:29:55', NULL),
(29, 'N2021-51', 'BALAJ WASSI', NULL, '03212064614', NULL, 'KHALIL WASSI', 'male', '21', NULL, NULL, NULL, '5', '-', NULL, NULL, NULL, '3000', '2021-06-20', 1, '2021-06-22 23:45:17', '2021-06-22 23:45:17', NULL),
(30, 'N2021-52', 'SABEEH UL HASAN', NULL, '03322261976', NULL, 'SALEEM BAIG', 'male', '23', '5', NULL, NULL, 'EVENING', ',', NULL, NULL, NULL, '2000', '2021-06-20', 1, '2021-06-23 02:00:58', '2021-06-23 14:24:39', '1,'),
(31, 'N2021-54', 'FAJAR', NULL, '03122666471', NULL, 'REHMAT', 'male', '18', '5.4', NULL, 'student', 'EVENING', '3H12/3NAZIMABAD NO3', '421016046400', 'NITROGEN FITNESS & WELLNESS', NULL, '3500', '2021-06-20', 1, '2021-06-23 04:23:51', '2021-06-23 04:23:51', NULL),
(32, 'N2021-53', 'UBAID ABBAS', NULL, '03045454177', NULL, 'ABBAS ALI', 'male', '27', NULL, NULL, NULL, '7', '-', NULL, NULL, NULL, '8000', '2021-06-20', 1, '2021-06-24 07:34:32', '2021-06-24 07:34:32', NULL),
(33, 'N2021-56', 'syed faizan ali', NULL, '03313999024', NULL, 'irshad ali', 'male', '20', NULL, NULL, NULL, 'EVENING', '355', NULL, NULL, NULL, '3000', '2021-06-21', 1, '2021-06-24 07:41:26', '2021-06-24 07:41:26', NULL),
(34, 'N2021-57', 'FAIZAN AHMED', NULL, '03332346357', NULL, 'M.AHMED', 'male', '36', NULL, NULL, NULL, '5', '0', NULL, NULL, NULL, '3000', '2021-06-21', 1, '2021-06-24 07:43:54', '2021-06-24 07:43:54', NULL),
(35, 'N2021-58', 'M.YASIR', NULL, '03211708671', NULL, 'A.RAZZAK', 'male', '22', NULL, NULL, NULL, '7', '-', NULL, NULL, NULL, '3000', '2021-06-21', 1, '2021-06-24 09:51:24', '2021-07-31 12:02:45', NULL),
(36, 'N2021-59', 'M,SAAD', NULL, '03123295458', NULL, 'ALI AHMED', 'male', '26', NULL, NULL, 'student', '9', '-', NULL, NULL, NULL, '5000', '2021-06-21', 1, '2021-06-24 09:54:15', '2021-06-24 09:54:15', NULL),
(37, 'N2021-60', 'BILAL AKHTER', NULL, '03328788930', NULL, 'M. AKHTER', 'male', '25', NULL, NULL, NULL, '7[9', '/', NULL, NULL, NULL, '3000', '2021-06-21', 1, '2021-06-24 09:56:28', '2021-06-24 09:56:28', NULL),
(38, 'N2021-61', 'MUZAMMIL', NULL, '03343170528', NULL, 'ARIF', 'male', '22', NULL, NULL, NULL, 'EVENING', '-', NULL, NULL, NULL, '3000', '2021-06-21', 1, '2021-06-24 09:59:12', '2021-06-24 09:59:12', NULL),
(39, 'N2021-62', 'RIZWAN.', NULL, '03102658864', NULL, 'RAMZAN', 'male', '41', NULL, NULL, NULL, '8', '-', NULL, NULL, NULL, '6000', '2021-06-21', 1, '2021-06-24 10:00:58', '2021-06-24 10:00:58', NULL),
(40, 'N2021-64', 'TALHA FAZLI', NULL, '03332437501', NULL, 'WASIM', 'male', '37', NULL, NULL, NULL, 'MORNING', '-', NULL, NULL, NULL, '3500', '2021-06-21', 1, '2021-06-24 10:05:55', '2021-06-24 10:05:55', NULL),
(41, 'N2021-65', 'S.M.FAWAD', NULL, '03452646510', NULL, 'JAMIL AHMED', 'male', '28', NULL, NULL, NULL, 'EVENING', '-', NULL, NULL, NULL, '5000', '2021-06-21', 1, '2021-06-24 10:09:00', '2021-06-24 10:09:00', NULL),
(42, 'N2021-66', 'MUNIR KHAN', NULL, '03233276704', NULL, 'MEHBOOB KHAN', 'male', '26', NULL, NULL, NULL, '9-10', '5', NULL, NULL, NULL, '8000', '2021-06-21', 1, '2021-06-24 10:12:03', '2021-06-24 10:12:03', NULL),
(43, 'N2021-67', 'HUZAIFA', NULL, '03312682313', NULL, 'SHAKEEL', 'male', '20', NULL, NULL, NULL, '9.30', '-3', NULL, NULL, NULL, '8000', '2021-06-21', 1, '2021-06-24 10:59:14', '2021-06-24 10:59:14', NULL),
(44, 'N2021-68', 'ABDUL SAMAD PASHA', NULL, '03118356070', NULL, 'ZAHID PASHA', 'male', '22', NULL, NULL, NULL, '--', '-', NULL, NULL, NULL, '3000', '2021-06-21', 1, '2021-06-24 11:01:05', '2021-06-24 11:01:05', NULL),
(45, 'N2021-71', 'MAAZ ALI', NULL, '03323892286', NULL, 'NAZIM ALI', 'male', '17', NULL, NULL, NULL, '8', '00', NULL, NULL, NULL, '3000', '2021-06-21', 1, '2021-06-24 11:07:06', '2021-06-24 11:07:06', NULL),
(46, 'N2021-72', 'BILAL MIRZA', NULL, '03350237510', NULL, 'AIJAZ BAIG', 'male', '24', NULL, NULL, NULL, '7 AM', '-098', NULL, NULL, NULL, '4100', '2021-06-21', 1, '2021-06-24 11:13:16', '2021-06-24 11:13:16', NULL),
(47, 'N2021-73', 'AZBAD AHMED', NULL, '03333490604', NULL, 'BADUDDIN AHMED', 'male', '24', NULL, NULL, NULL, '7 AM', '-098', NULL, NULL, NULL, '9000', '2021-06-21', 1, '2021-06-24 11:17:51', '2021-06-24 11:29:20', NULL),
(48, 'N2021-74', 'JUNAID', NULL, '03352779129', NULL, 'RAFI', 'male', '24', NULL, NULL, NULL, '7 MORN', '=-', NULL, NULL, NULL, '9000', '2021-06-21', 1, '2021-06-24 11:31:48', '2021-06-24 11:31:48', NULL),
(49, 'N2021-75', 'HASSAN SOHAIL', NULL, '03129204999', NULL, 'SOHAIL NISAR', 'male', '17', NULL, NULL, NULL, '10.30', '987TR', NULL, NULL, NULL, '3000', '2021-06-21', 1, '2021-06-24 11:33:11', '2021-06-24 11:33:11', NULL),
(50, 'N2021-76', 'DANIYAL GEE', NULL, '03117709510', NULL, 'KHURRAM SHEHZAD', 'male', '18', NULL, NULL, NULL, '10.11', '4', NULL, NULL, NULL, '3000', '2021-06-21', 1, '2021-06-24 11:35:11', '2021-06-24 11:35:11', NULL),
(51, 'N2021-77', 'FARHAD SHAFI', NULL, '03092466352', NULL, 'SHAFI FAREKH', 'male', '24', NULL, NULL, NULL, '11.00', '-', NULL, NULL, NULL, '3000', '2021-06-21', 1, '2021-06-24 11:36:54', '2021-06-24 11:36:54', NULL),
(52, 'N2021-78', 'UROOJ SOHAIL', NULL, '03122164943', NULL, 'M.SOHAIL', 'female', '31', NULL, NULL, NULL, '11', '=-', NULL, NULL, NULL, '3000', '2021-06-21', 1, '2021-06-24 11:40:30', '2021-06-24 11:40:30', NULL),
(53, 'N2021-80', 'SEEMA SARWAR', NULL, '03333977244', NULL, 'SARWAR', 'female', '45', NULL, NULL, NULL, '11', 'FG', NULL, NULL, NULL, '3000', '2021-06-21', 1, '2021-06-24 11:43:24', '2021-06-24 11:43:24', NULL),
(54, 'N2021-82', 'AMBREEN QAMAR', NULL, '03364052331', NULL, 'QAMER ABBAS', 'female', '34', NULL, NULL, NULL, '3 5', 'AQ', NULL, NULL, NULL, '3000', '2021-06-21', 1, '2021-06-24 11:46:38', '2021-06-24 11:46:38', NULL),
(55, 'N2021-83', 'AASHIR RASHEED', NULL, '03443080617', NULL, 'RIAZ', 'male', '26', NULL, NULL, NULL, '7.10', '12', NULL, NULL, NULL, '3000', '2021-06-21', 1, '2021-06-24 11:48:31', '2021-06-24 11:48:31', NULL),
(56, 'N2021-84', 'WARDA SALEEM', NULL, '03453244353', NULL, 'SALEEM ULLAH', 'female', '00', NULL, NULL, NULL, '6.30', '=', NULL, NULL, NULL, '5000', '2021-06-21', 1, '2021-06-24 11:50:41', '2021-06-24 11:50:41', NULL),
(57, 'N2021-85', 'M.DANISH', NULL, '03102244237', NULL, 'RAHEEL', 'male', '23', NULL, NULL, NULL, 'EVENING', '76', NULL, NULL, NULL, '4000', '2021-06-21', 1, '2021-06-24 11:53:49', '2021-06-24 11:53:49', NULL),
(58, 'N2021-86', 'ATIF', NULL, '03102244237', NULL, 'KAMRAN', 'male', '20', NULL, NULL, NULL, 'EVENING', '--0', NULL, NULL, NULL, '3000', '2021-06-22', 1, '2021-06-24 11:56:37', '2021-06-24 11:56:37', NULL),
(59, 'N2021-87', 'SOHAIB MANZOOR', NULL, '03323536671', NULL, 'IJAZ ALI', 'male', '32', NULL, NULL, NULL, 'EVENING', '2', NULL, NULL, NULL, '3000', '2021-06-22', 1, '2021-06-24 11:58:16', '2021-06-24 11:58:16', NULL),
(60, 'N2021-88', 'SHEHRIYAAR', NULL, '03347133726', NULL, 'AFZAAL', 'male', '26', NULL, NULL, NULL, '8.30', '--', NULL, NULL, NULL, '6500', '2021-06-22', 1, '2021-06-24 11:59:59', '2021-06-24 11:59:59', NULL),
(61, 'N2021-89', 'MUHID', NULL, '03329250434', NULL, 'SAIF', 'male', '18', NULL, NULL, NULL, '5.30', '6', NULL, NULL, NULL, '7000', '2021-06-22', 1, '2021-06-24 12:01:50', '2021-06-24 12:01:50', NULL),
(62, 'N2021-91', 'ATIF BILAL', NULL, '03218913467', NULL, 'BILAL', 'male', '39', NULL, NULL, NULL, 'EVENING', '--', NULL, NULL, NULL, '2000', '2021-06-22', 1, '2021-06-25 00:28:43', '2021-06-25 00:28:43', NULL),
(63, 'N2021-93', 'AHMED ALTAF', NULL, '03012832555', NULL, 'ALTAF', 'male', '23', NULL, NULL, NULL, 'MORNING', '-', NULL, NULL, NULL, '3000', '2021-06-22', 1, '2021-06-25 00:31:50', '2021-06-25 00:31:50', NULL),
(64, 'N2021-94', 'SALMAN TYREWALA', NULL, '03222425995', NULL, 'SHIBLI SHAMSI', 'male', '24', NULL, NULL, NULL, 'FLEXIBLE', '//', NULL, NULL, NULL, '3000', '2021-06-22', 1, '2021-06-25 00:35:58', '2021-06-25 00:35:58', NULL),
(65, 'N2021-95', 'ABDUL REHMAN', NULL, '03061906596', NULL, 'FAISAL', 'male', '17', NULL, NULL, NULL, '10.30', '--', NULL, NULL, NULL, '7000', '2021-06-22', 1, '2021-06-25 00:37:41', '2021-06-25 00:37:41', NULL),
(66, 'N2021-96', 'ABDULLAH', NULL, '03248264167', NULL, 'FAISAL', 'male', '18', NULL, NULL, NULL, '10.30', '=-09876543', NULL, NULL, NULL, '7000', '2021-06-22', 1, '2021-06-25 00:39:19', '2021-06-25 00:39:19', NULL),
(67, 'N2021-97', 'JUNAID KHAN', NULL, '03453371221', NULL, 'ZAFAR UL QAIYUM', 'male', '36', NULL, NULL, NULL, '-', '--', NULL, NULL, NULL, '3000', '2021-06-22', 1, '2021-06-25 00:42:05', '2021-06-25 00:42:05', NULL),
(68, 'N2021-98', 'M.JASIR', NULL, '03453130803', NULL, 'M.AFZAL', 'male', '35', NULL, NULL, NULL, '-', '-', NULL, NULL, NULL, '3000', '2021-06-22', 1, '2021-06-25 00:43:26', '2021-06-25 00:43:26', NULL),
(69, 'N2021-99', 'AYAN AHMED', NULL, '03152740031', NULL, 'IMRAN AHMED', 'male', '16', NULL, NULL, NULL, '-', '0', NULL, NULL, NULL, '3000', '2021-06-22', 1, '2021-06-25 00:45:36', '2021-06-25 00:45:36', NULL),
(70, 'N2021-101', 'WASIF', NULL, '03132607284', NULL, 'GHULAM', 'male', '17', NULL, NULL, NULL, '9', '6', NULL, NULL, NULL, '3000', '2021-06-22', 1, '2021-06-25 00:47:08', '2021-06-25 00:47:08', NULL),
(71, 'N2021-100', 'DR.ASHAD AHMED', NULL, '03479820740', NULL, 'AHMED ALI', 'male', '25', NULL, NULL, NULL, 'EVENING', '1122', NULL, NULL, NULL, '3000', '2021-06-22', 1, '2021-06-25 00:49:19', '2021-06-25 00:49:19', NULL),
(72, 'N2021-102', 'AMNA SHAH', NULL, '03353212344', NULL, 'MUDASSIR SHAH', 'female', '20', NULL, NULL, NULL, '3-5', '--', NULL, NULL, NULL, '4000', '2021-06-22', 1, '2021-06-25 00:50:43', '2021-06-25 00:50:43', NULL),
(73, 'N2021-103', 'SALAHUDDIN.', NULL, '03333701164', NULL, 'BADRUDDIN', 'male', '00', NULL, NULL, NULL, '6-7', '4', NULL, NULL, NULL, '2000', '2021-06-22', 1, '2021-06-25 00:52:40', '2021-06-25 00:52:40', NULL),
(74, 'N2021-104', 'NAILA RASHID', NULL, '03072207601', NULL, 'M.RASHID', 'male', '47', NULL, NULL, NULL, '11-12', '87654', NULL, NULL, NULL, '3000', '2021-06-22', 1, '2021-06-25 00:53:44', '2021-06-25 00:53:44', NULL),
(75, 'N2021-105', 'M.ANAS', NULL, '03422373741', NULL, 'AMIN', 'male', '24', NULL, NULL, NULL, '7-8 M', '76', NULL, NULL, NULL, '3000', '2021-06-22', 1, '2021-06-25 00:55:07', '2021-07-31 12:04:13', NULL),
(76, 'N2021-33', 'SEEMA IMRAN', NULL, '03158308719', NULL, 'IMRAN AHMED HASHMI', 'male', '00', NULL, NULL, NULL, '1-2', '-0987', NULL, NULL, NULL, '5000', '2021-06-20', 1, '2021-06-25 01:05:11', '2021-06-25 01:05:11', NULL),
(77, 'N2021-38', 'UZMA AMIN', NULL, '03362145147', NULL, 'AMIN', 'male', '45', NULL, NULL, NULL, '11-/', '-0978', NULL, NULL, NULL, '5000', '2021-06-20', 1, '2021-06-25 01:07:11', '2021-06-25 01:07:11', NULL),
(78, 'N2021-55', 'NIDA SHAKEEL', NULL, '03330317103', NULL, 'SHAKEEL AHMED', 'female', '37', NULL, NULL, NULL, '6.30-7.30', 'O898\r\n.', NULL, NULL, NULL, '3000', '2021-06-21', 1, '2021-06-25 01:20:06', '2021-06-25 01:20:06', NULL),
(79, 'N2021-106', 'HAMMAD NASIR', NULL, '03002137851', NULL, 'NASIR', 'male', '31', NULL, NULL, NULL, '10.30', '0', NULL, NULL, NULL, '4500', '2021-06-23', 1, '2021-06-26 09:40:17', '2021-06-26 09:40:17', NULL),
(81, 'N2021-108', 'ANOSHA REHMAN', NULL, '03343698435', NULL, 'REHAN ISHRAT', 'male', '24', NULL, NULL, NULL, '6.30-7.30', '-', NULL, NULL, NULL, '5000', '2021-06-23', 1, '2021-06-26 09:50:57', '2021-06-26 09:50:57', NULL),
(82, 'N2021-107', 'UMAR ZAHID MUGHAL', NULL, '03343141554', NULL, 'ZAHID RAUF MUGHAL', 'male', '28', NULL, NULL, 'student', 'MORNING', 'Nitrogen', NULL, NULL, NULL, '4500', '2021-06-23', 1, '2021-06-26 10:18:16', '2021-06-26 10:18:16', NULL),
(83, 'N2021-110', 'MURTAZA BANDIJA', NULL, '03323599058', NULL, 'NAIK MUHAMMAD BANDIJA', 'male', '33', NULL, NULL, 'student', 'EVENING', 'Nitrogen', NULL, NULL, 'Cholesterol', '7000', '2021-06-23', 1, '2021-06-26 10:24:38', '2021-06-26 10:24:38', NULL),
(84, 'N2021-112', 'MIRZA UMAIR BAIG', NULL, '03312517720', NULL, 'MIRZA SHAKIR BAIG', 'male', '25', NULL, NULL, NULL, 'EVENING', 'Nitrogen', NULL, NULL, NULL, '2000', '2021-06-23', 1, '2021-06-26 10:37:35', '2021-06-26 10:37:35', NULL),
(85, 'N2021-113', 'SHAHRUKH SADIQ', NULL, '03072877354', NULL, 'MUHAMMAD SADIQ', 'male', '26', NULL, NULL, NULL, 'MORNING', 'NITROGEN', NULL, NULL, NULL, '3000', '2021-06-23', 1, '2021-06-26 10:39:26', '2021-06-26 10:39:26', NULL),
(86, 'N2021-114', 'MARYAM IQBAL', NULL, '03122710313', NULL, 'MUHAMMAD IQBAL', 'female', '29', NULL, NULL, NULL, 'EVENING', 'NITROGEN', NULL, NULL, NULL, '3500', '2021-06-24', 1, '2021-06-26 10:42:55', '2021-06-26 10:42:55', NULL),
(87, 'N2021-115', 'ANUM KHAILIL AHMED', NULL, '03417661260', NULL, 'KHALIL AHMED', 'female', '25', NULL, NULL, NULL, 'MORNING', 'NITROGEN', NULL, NULL, 'PCOS', '2000', '2021-06-24', 1, '2021-06-26 10:46:39', '2021-06-26 10:46:39', NULL),
(88, 'N2021-116', 'SANA FAISAL', NULL, '03122453194', NULL, 'S.M.FAISAL', 'male', '39', NULL, NULL, NULL, '7', '-09', NULL, NULL, NULL, '4000', '2021-06-24', 1, '2021-06-26 11:13:05', '2021-06-26 11:13:05', NULL),
(89, 'N2021-117', 'REHMAN ABBAS', NULL, '03363722556', NULL, 'GHULAM ABBAS', 'male', '40', NULL, NULL, NULL, 'EVENING', '13', NULL, NULL, NULL, '5000', '2021-06-24', 1, '2021-06-26 11:15:02', '2021-06-26 11:15:02', NULL),
(90, 'N2021-118', 'AREESH ADIL', NULL, '03351287633', NULL, 'ADIL YAHYA', 'male', '18', NULL, NULL, NULL, 'EVENING', '467', NULL, NULL, NULL, '3000', '2021-06-24', 1, '2021-06-26 11:16:44', '2021-06-26 11:17:31', NULL),
(91, 'N2021-120', 'ALI GOHAR', NULL, '03130117282', NULL, 'GULZAR ALI', 'male', '25', NULL, NULL, NULL, 'EVENING', '34567', NULL, NULL, NULL, '3000', '2021-06-25', 1, '2021-06-26 11:20:17', '2021-06-26 11:20:17', NULL),
(92, 'N2021-121', 'ALI MUHAMMAD', NULL, '03412635626', NULL, 'RAFIQ', 'male', '21', NULL, NULL, NULL, 'EVENING', '234', NULL, NULL, NULL, '3000', '2021-06-25', 1, '2021-06-26 11:21:27', '2021-06-26 11:21:27', NULL),
(93, 'N2021-122', 'SAAD REHMAN', NULL, '03113253590', NULL, 'TAJJUDDIN QURESHI', 'male', '22', NULL, NULL, NULL, 'EVENING', '087', NULL, NULL, NULL, '3000', '2021-06-25', 1, '2021-06-26 11:22:23', '2021-06-26 11:22:23', NULL),
(94, 'N2021-123', 'm.khizar khan', NULL, '03022804394', NULL, 'basit khan', 'male', '22', NULL, NULL, NULL, 'MORNING', '234589', NULL, NULL, NULL, '4500', '2021-06-28', 1, '2021-06-30 08:23:38', '2021-06-30 08:23:38', NULL),
(95, 'N2021-124', 'ANAS AFZAL', NULL, '03070228082', NULL, 'AFZAL AHMED', 'male', '19', NULL, NULL, NULL, 'EVENING', '34567', NULL, NULL, NULL, '3000', '2021-06-28', 1, '2021-06-30 08:25:01', '2021-06-30 08:25:01', NULL),
(96, 'N2021-125', 'ABRAR HUSSAIN', NULL, '03052819661', NULL, 'GUL HASSAN', 'male', '22', NULL, NULL, NULL, '9-10', '086', NULL, NULL, '588', '6000', '2021-06-28', 1, '2021-06-30 08:27:13', '2021-06-30 08:27:13', NULL),
(97, 'N2021-126', 'FURQAN BAIG', NULL, '03212278910', NULL, 'ISLAM BAIG', 'male', '35', NULL, NULL, NULL, 'EVENING', '-098765', NULL, NULL, NULL, '2000', '2021-06-28', 1, '2021-06-30 08:30:11', '2021-06-30 08:30:11', NULL),
(98, 'N2021-127', 'AWAIS HUSSAIN', NULL, '03180233264', NULL, 'SALEEM', 'male', '24', NULL, NULL, NULL, '9-10 E', '9876', NULL, NULL, NULL, '4000', '2021-06-28', 1, '2021-06-30 08:32:39', '2021-06-30 08:32:39', NULL),
(99, 'N2021-129', 'M AHSAN', NULL, '03153051321', NULL, 'M ARIF', 'male', '26', '5.10', NULL, NULL, 'EVENING', 'HUSAINABAD', NULL, 'NITROGEN FITNESS AND WELLNESS', NULL, '3000', '2021-06-28', 1, '2021-06-30 08:36:06', '2021-06-30 08:36:06', NULL),
(100, 'N2021-130', 'MUHAMMAD NASIR', NULL, '03332365710', NULL, 'MUHAMMAD AQEEL', 'male', '37', NULL, NULL, NULL, '8 M', '2345', NULL, NULL, NULL, '5000', '2021-06-28', 1, '2021-06-30 08:50:06', '2021-06-30 08:50:06', NULL),
(101, 'N2021-131', 'FAHAD IQBAL', NULL, '03018239641', NULL, 'SIKANDER IQBAL', 'male', '32', NULL, NULL, NULL, 'MORNING', 'XD', NULL, NULL, 'STENTH', '3000', '2021-06-28', 1, '2021-06-30 09:15:02', '2021-08-01 22:37:51', NULL),
(102, 'N2021-132', 'FARHAT ZAKIR', NULL, '012345678911', NULL, 'ZAKIR BAIG', 'male', '41', NULL, NULL, NULL, '11-12', '333', NULL, NULL, NULL, '4000', '2021-06-28', 1, '2021-06-30 09:18:15', '2021-06-30 09:18:15', NULL),
(103, 'N2021-133', 'MARIAM HASSAN', NULL, '03202509057', NULL, 'ABUL HASSAN', 'female', '28', NULL, NULL, NULL, '00', '55', NULL, NULL, 'SCIATICA PCOS', '3000', '2021-06-28', 1, '2021-06-30 09:20:47', '2021-06-30 09:20:47', NULL),
(104, 'N2021-134', 'SIKANDER DAWOOD', NULL, '03322603826', NULL, 'DAWOOD ALAM', 'male', '40', NULL, NULL, NULL, 'EVENING', '85', NULL, NULL, NULL, '5000', '2021-06-28', 1, '2021-06-30 09:24:56', '2021-06-30 09:24:56', NULL),
(105, 'N2021-135', 'MUHAMMAD  MUBIN KASHIF', NULL, '03312952879', NULL, 'KASHIF SULEMAN SAIGAL', 'male', '18', NULL, NULL, NULL, '6-8', '76', NULL, NULL, NULL, '3000', '2021-06-28', 1, '2021-06-30 09:27:21', '2021-06-30 09:27:21', NULL),
(106, 'N2021-136', 'ABDUL REHMAN SHAKEEL', NULL, '03182755402', NULL, 'AHMED SHAKEEL', 'male', '20', NULL, NULL, NULL, 'EVENING', '5455', NULL, NULL, NULL, '3000', '2021-06-28', 1, '2021-06-30 09:29:39', '2021-06-30 09:29:39', NULL),
(107, 'N2021-137', 'MUHAMMAD AYAAN SIDDIQUI', NULL, '03320348193', NULL, 'NASIR SIDDIQUI', 'male', '16', NULL, NULL, NULL, 'EVENING', '887', NULL, NULL, NULL, '8000', '2021-06-28', 1, '2021-06-30 09:32:40', '2021-08-12 11:26:00', NULL),
(108, 'N2021-138', 'AMIR RAZA', NULL, '03362886574', NULL, 'NAZIR HUSAIN', 'male', '30', NULL, NULL, NULL, '10', '12', NULL, NULL, NULL, '3000', '2021-06-28', 1, '2021-06-30 09:34:21', '2021-06-30 09:34:21', NULL),
(109, 'N2021-139', 'TALHA NAEM', NULL, '03158544859', NULL, 'NAEM HAIDER', 'male', '001', NULL, NULL, NULL, 'EVENING', '48', NULL, NULL, NULL, '3000', '2021-06-28', 1, '2021-06-30 09:35:46', '2021-06-30 09:35:46', NULL),
(110, 'N2021-140', 'ABDUL ALEEM', NULL, '03222196316', NULL, 'WALI MUHAMMAD', 'male', '44', NULL, NULL, NULL, '1045', '13', NULL, NULL, NULL, '5000', '2021-06-28', 1, '2021-06-30 09:37:50', '2021-06-30 09:37:50', NULL),
(111, 'N2021-141', 'SHERAZ', NULL, '03492877529', NULL, 'MUSAFIR KHAN', 'male', '24', NULL, NULL, NULL, 'EVENING', '34', NULL, NULL, NULL, '9000', '2021-06-28', 1, '2021-06-30 09:40:00', '2021-06-30 09:40:00', NULL),
(112, 'N2021-142', 'iNTIKHAB ALAM', NULL, '03222709795', NULL, 'HAJI A.RAZZAK', 'male', '45', NULL, NULL, NULL, 'EVENING', 'FHJG', NULL, NULL, NULL, '3000', '2021-06-28', 1, '2021-06-30 09:42:55', '2021-06-30 09:44:58', NULL),
(113, 'N2021-143', 'FAHAD NOOR UDDIN', NULL, '03452218146', NULL, 'NOOR UDDIN', 'male', '35', NULL, NULL, NULL, '10.30 E', '98', NULL, NULL, NULL, '9000', '2021-06-28', 1, '2021-06-30 09:47:46', '2021-06-30 09:47:46', NULL),
(114, 'N2021-144', 'UZAIR KHAN', NULL, '03452357533', NULL, 'WASEEM KHAN', 'male', '15', NULL, NULL, NULL, 'EVENING', '56', NULL, NULL, NULL, '9000', '2021-06-28', 1, '2021-06-30 09:49:50', '2021-06-30 09:49:50', NULL),
(115, 'N2021-147', 'SANA SARWAR', NULL, '03432862067', NULL, 'TAHIR PATEL', 'female', '32', NULL, NULL, NULL, '3.4', '98', NULL, NULL, NULL, '3000', '2021-06-29', 1, '2021-06-30 09:58:12', '2021-06-30 09:58:12', NULL),
(116, 'N2021-148', 'MARIYAM SHAH', NULL, '03353212344', NULL, 'MUDASSIR SHAH', 'female', '00', NULL, NULL, NULL, '3.5', '55', NULL, NULL, NULL, '2000', '2021-06-29', 1, '2021-06-30 09:59:21', '2021-06-30 09:59:21', NULL),
(117, 'N2021-149', 'FATIMAH SHAH', NULL, '..030515151', NULL, 'MUDASSIR SHAH', 'female', '00', NULL, NULL, NULL, '3.5', '5', NULL, NULL, NULL, '2000', '2021-06-29', 1, '2021-06-30 10:00:38', '2021-06-30 10:00:38', NULL),
(118, 'N2021-150', 'DURR E SHEHWAR', NULL, '03160242884', NULL, 'HUSSAIN SHEHWAR', 'female', '32', NULL, NULL, NULL, 'EVENING', '556', NULL, NULL, NULL, '3000', '2021-06-29', 1, '2021-06-30 10:01:56', '2021-06-30 10:01:56', NULL),
(119, 'N2021-151', 'ABEEHA MIRZA', NULL, '03363343036', NULL, 'FAHAD MIRZA', 'female', '16', NULL, NULL, NULL, '6.30/7.30', '54', NULL, NULL, NULL, '7000', '2021-06-29', 1, '2021-06-30 10:03:38', '2021-06-30 10:03:38', NULL),
(120, 'N2021-152', 'SAJID HUSSAIN SHAH', NULL, '03112806851', NULL, 'MIAN BAHADUR SHAH', 'male', '38', NULL, NULL, NULL, '8', '656', NULL, NULL, NULL, '5000', '2021-06-29', 1, '2021-06-30 10:05:48', '2021-06-30 11:30:58', NULL),
(121, 'N2021-153', 'HAMZA AZIM', NULL, '0321123456789', NULL, 'ABDUL AZIM', 'male', '27', NULL, NULL, NULL, '000', '55', NULL, NULL, NULL, '5500', '2021-06-29', 1, '2021-06-30 14:52:26', '2021-06-30 14:52:26', NULL),
(122, 'N2021-154', 'SAIFULLAH', NULL, '03463035624', NULL, 'MUSTAFA BARKI', 'male', '25', NULL, NULL, NULL, '8-9', '565', NULL, NULL, NULL, '3000', '2021-06-29', 1, '2021-06-30 14:54:32', '2021-06-30 14:54:32', NULL),
(123, 'N2021-155', 'MUHAMMAD ALI', NULL, '03302540021', NULL, 'INTIZAR KHAN', 'male', '22', NULL, NULL, NULL, '8', 'WWW', NULL, NULL, '565', '3000', '2021-06-29', 1, '2021-06-30 14:56:21', '2021-06-30 14:56:21', NULL),
(124, 'N2021-156', 'HAMZA AFAQ', NULL, '03020022337', NULL, 'AFAQ AHMED', 'male', '22', NULL, NULL, NULL, '8', '66', NULL, NULL, NULL, '3000', '2021-06-29', 1, '2021-06-30 14:57:32', '2021-06-30 14:57:32', NULL),
(125, 'N2021-157', 'SALMAN NISAR', NULL, '03422982919', NULL, 'NISAR', 'male', '40', NULL, NULL, NULL, 'M', '55', NULL, NULL, NULL, '7000', '2021-06-30', 1, '2021-06-30 14:58:46', '2021-06-30 14:58:46', NULL),
(126, 'N2021-158', 'USAMA', NULL, '03242642094', NULL, 'ABDUL QADIR', 'male', '26', NULL, NULL, NULL, '222', '59595959', NULL, NULL, NULL, '4000', '2021-06-30', 1, '2021-06-30 15:00:26', '2021-06-30 15:00:26', NULL),
(127, 'N2021-159', 'HAFSA ARIF', NULL, '03302343657', NULL, 'ARIF DOSSANI', 'male', '22', NULL, NULL, NULL, '-', '44', NULL, NULL, NULL, '4000', '2021-06-30', 1, '2021-06-30 15:02:04', '2021-06-30 15:02:04', NULL),
(128, 'N2021-160', 'M.FARDEEN ANIS', NULL, '03082860203', NULL, 'ANIS', 'male', '18', NULL, NULL, NULL, '=', '56', NULL, NULL, NULL, '4500', '2021-06-30', 1, '2021-06-30 15:03:39', '2021-06-30 15:03:39', NULL),
(129, 'N2021-161', 'MIRZA UMAR ZAKIR BAIG', NULL, '030019211022', NULL, 'ZAKIR', 'male', '16', NULL, NULL, NULL, '10-11', '54', NULL, NULL, NULL, '3000', '2021-06-30', 1, '2021-06-30 15:05:06', '2021-06-30 15:05:06', NULL),
(130, 'N2021-163', 'ABDUL REHMAN', NULL, '03352325049', NULL, 'IRFAN', 'male', '28', NULL, NULL, NULL, '9.30-10.30', '55', NULL, NULL, NULL, '4000', '2021-06-30', 1, '2021-06-30 15:06:38', '2021-06-30 15:06:38', NULL),
(131, 'N2021-164', 'DANISH SIDDIQUI', NULL, '03352077339', NULL, 'IRFAN', 'male', '26', NULL, NULL, NULL, '9.30-10.30', '56', NULL, NULL, NULL, '4000', '2021-06-30', 1, '2021-06-30 15:08:13', '2021-06-30 15:08:13', NULL),
(132, 'N2021-165', 'AURANGZEB JAMSHED', NULL, '03332236198', NULL, 'JAMSHED HASSAN', 'male', '23', NULL, NULL, NULL, '-', '555', NULL, NULL, NULL, '4000', '2021-06-30', 1, '2021-06-30 15:09:44', '2021-06-30 15:10:18', NULL),
(133, 'N2021-167', 'OWAIS YOUNUS', NULL, '03242210893', NULL, 'younus', 'male', '22', NULL, NULL, NULL, '8-9', '58', NULL, NULL, NULL, '6000', '2021-07-01', 1, '2021-07-01 12:59:54', '2021-07-05 04:26:20', NULL),
(134, 'N2021-168', 'FATIMAH KHAN', NULL, '03353942338', NULL, 'MUJEEB ULLAH KHAN', 'female', '25', NULL, NULL, NULL, '11', '56', NULL, NULL, '56', '4500', '2021-07-01', 1, '2021-07-01 13:01:25', '2021-07-01 13:01:25', NULL),
(135, 'N2021-169', 'SALMA SHEIKH', NULL, '03102627814', NULL, 'SAJID KHAN', 'female', '51', NULL, NULL, NULL, '3-5', '22', NULL, NULL, NULL, '2000', '2021-07-01', 1, '2021-07-01 13:02:51', '2021-07-01 13:02:51', NULL),
(136, 'N2021-170', 'MUHAMMAD HAIDER SHAH', NULL, '03072032038', NULL, 'ALI MEHDI', 'male', '22', NULL, NULL, NULL, '-', '26', NULL, NULL, NULL, '2000', '2021-07-01', 1, '2021-07-01 13:04:10', '2021-07-01 13:04:10', NULL),
(137, 'N2021-171', 'SHAHBAZ ALI', NULL, '03313763634', NULL, 'ALI BATOOL', 'male', '27', NULL, NULL, NULL, 'EVENING', '45', NULL, NULL, NULL, '3000', '2021-07-01', 1, '2021-07-01 13:05:48', '2021-07-01 13:05:48', NULL),
(138, 'N2021-172', 'HUMZA ATEEQ', NULL, '03422623070', NULL, 'MUHAMMAD ATEEQ', 'male', '28', NULL, NULL, NULL, '9-10', '59', NULL, NULL, NULL, '6000', '2021-07-01', 1, '2021-07-01 13:06:57', '2021-07-01 13:06:57', NULL),
(139, 'N2021-173', 'MUHAMMAD FARHAN FEROZ', NULL, '03493141718', NULL, 'FEROZ SIDDIQUI', 'male', '43', NULL, NULL, NULL, 'MORNING', 'NAZIMABAD', NULL, NULL, 'STRENTH CADIO', '3500', '2021-07-01', 1, '2021-07-01 13:08:46', '2021-08-11 07:14:12', NULL),
(140, 'N2021-174', 'BAKHTAWAR MAJEED', NULL, '03233242619', NULL, 'ABDUL MAJEED ARAEEN', 'female', '25', NULL, NULL, NULL, 'EVENING', '4545', NULL, NULL, NULL, '3500', '2021-07-01', 1, '2021-07-01 13:10:41', '2021-07-01 13:10:41', NULL),
(141, 'N2021-175', 'MUHAMMAD MEHMOOD', NULL, '03452020095', NULL, 'MUHAMMAD ASHRAF', 'male', '49', NULL, NULL, NULL, 'MORNING', 'UYY', NULL, NULL, NULL, '5000', '2021-07-01', 1, '2021-07-01 13:14:17', '2021-07-01 13:14:17', NULL),
(142, 'N2021-176', 'ABDUL REHMAN', NULL, '03343536346', NULL, 'MUHAMMAD SHAHID', 'male', '28', '5.9', '85', NULL, '10', '28282', NULL, NULL, NULL, '5000', '2021-07-01', 1, '2021-07-01 13:21:30', '2021-07-01 13:21:30', NULL),
(143, 'N2021-177', 'MAAZ ZAFAR', NULL, '03320320560', NULL, 'ZAFAR SAEED', 'male', '33', '5.6', NULL, NULL, '10', 'FD', NULL, NULL, NULL, '3000', '2021-07-01', 1, '2021-07-01 13:24:51', '2021-07-01 13:24:51', NULL),
(144, 'N2021-178', 'SHAHZAIB MALILE', NULL, '03132369728', NULL, 'ZAFER MALILE', 'male', '23', NULL, NULL, NULL, '10', 'GFD', NULL, NULL, NULL, '3000', '2021-07-01', 1, '2021-07-01 13:29:27', '2021-07-01 13:39:52', NULL),
(145, 'N2021-179', 'muzaffar ali baug', NULL, '03212443240', NULL, 'mirza zulfiqar ali baig', 'male', '50', NULL, NULL, NULL, 'MORNING', '545', NULL, NULL, NULL, '3000', '2021-07-01', 1, '2021-07-05 22:00:24', '2021-07-05 22:00:24', NULL),
(146, 'N2021-182', 'ahmed ali', NULL, '03361361170', NULL, 'ISHRAT ALI', 'male', '19', NULL, NULL, NULL, '6-8', '4', NULL, NULL, '4', '4000', '2021-07-02', 1, '2021-07-05 22:20:57', '2021-07-05 22:21:59', '9,'),
(147, 'N2021-183', 'HASAN AHMED', NULL, '03320219442', NULL, 'RIAZ AHMED', 'male', '21', NULL, NULL, NULL, '6', '55', NULL, NULL, NULL, '2500', '2021-07-02', 1, '2021-07-05 22:23:59', '2021-07-05 22:23:59', NULL),
(148, 'N2021-184', 'OWAIS USMANI', NULL, '03164981139', NULL, 'M.SHOAIB', 'male', '25', NULL, NULL, NULL, '8.30-9.30', '55', NULL, NULL, NULL, '3000', '2021-07-02', 1, '2021-07-05 22:25:10', '2021-07-05 22:25:10', NULL),
(149, 'N2021-185', 'MOOHI AHMED', NULL, '03152704591', NULL, 'ABDUL HAQ', 'male', '23', NULL, NULL, NULL, '9-10', '1', NULL, NULL, '1', '3000', '2021-07-02', 1, '2021-07-05 22:26:48', '2021-07-05 22:26:48', NULL),
(150, 'N2021-186', 'MUHAMMAD KHALID', NULL, '03487433114', NULL, 'MUSTAQEEM AHMED', 'male', '21', NULL, NULL, NULL, '11', '555', NULL, NULL, NULL, '1000', '2021-07-02', 1, '2021-07-05 22:28:03', '2021-07-05 22:28:03', NULL),
(151, 'N2021-189', 'KAAB SIRAJ', NULL, '03363384076', NULL, 'SIRAJ MASOOD', 'male', '22', NULL, NULL, NULL, 'M', '1515', NULL, NULL, NULL, '5000', '2021-07-02', 1, '2021-07-05 22:32:43', '2021-07-05 22:32:43', NULL),
(152, 'N2021-191', 'OWAIS AIJAZ KHANZADA', NULL, '03102221873', NULL, 'AIJAZ KHANZADA', 'male', '19', NULL, NULL, NULL, 'EVENING', '55', NULL, NULL, NULL, '5500', '2021-07-05', 1, '2021-07-06 00:04:06', '2021-07-06 00:04:06', NULL),
(153, 'N2021-192', 'MUHAMMAD ASAD ALI', NULL, '03128730027', NULL, 'SYED AKHTER ALI', 'male', '19', NULL, NULL, NULL, '6', '55', NULL, NULL, NULL, '2500', '2021-07-05', 1, '2021-07-06 00:05:24', '2021-07-06 00:05:24', NULL),
(154, 'N2021-193', 'MUHAMMAD HASAN', NULL, '03142655391', NULL, 'A.SAJID', 'male', '20', NULL, NULL, NULL, '6-8', '5+5+', NULL, NULL, NULL, '7000', '2021-07-05', 1, '2021-07-06 00:06:56', '2021-07-06 00:06:56', NULL),
(155, 'N2021-194', 'HASSAN TAHIR', NULL, '03362040151', NULL, 'ABU TAHIR', 'male', '20', NULL, NULL, NULL, 'EVENING', '5555', NULL, NULL, NULL, '4000', '2021-07-05', 1, '2021-07-06 00:09:42', '2021-07-06 00:09:42', NULL),
(156, 'N2021-195', 'YASEEN', NULL, '03133267655', NULL, 'ABDUL QAYYUM', 'male', '27', NULL, NULL, NULL, '8-9', '2555', NULL, NULL, NULL, '4000', '2021-07-05', 1, '2021-07-06 00:11:54', '2021-07-06 00:11:54', NULL),
(157, 'N2021-197', 'MUHAMMAD KHURRAM', NULL, '03343439699', NULL, 'MANZOOR AHMED', 'male', '30', NULL, NULL, NULL, '8', '66', NULL, NULL, NULL, '6000', '2021-07-05', 1, '2021-07-06 00:13:24', '2021-07-06 00:13:24', NULL),
(158, 'N2021-198', 'AMNA ASLAM', NULL, '03355755501', NULL, 'ASLAM', 'female', '20', NULL, NULL, NULL, 'EVENING', '55', NULL, NULL, NULL, '3500', '2021-07-05', 1, '2021-07-06 00:17:31', '2021-07-06 00:17:31', NULL),
(159, 'N2021-199', 'SUFIYAN AMIN', NULL, '03022503729', NULL, 'AMIN', 'male', '30', NULL, NULL, NULL, '7', '555', NULL, NULL, NULL, '5500', '2021-07-05', 1, '2021-07-06 00:19:06', '2021-07-06 00:19:06', NULL),
(160, 'N2021-200', 'MUHAMMAD SHEHZAD', NULL, '03312027889', NULL, 'ABDUL MAJEED', 'male', '20', NULL, NULL, NULL, '6-9', '55', NULL, NULL, NULL, '3000', '2021-07-05', 1, '2021-07-06 00:20:37', '2021-07-06 00:20:37', NULL),
(161, 'N2021-201', 'ARSHAD', NULL, '03022146243', NULL, 'ROSHAN ALI', 'male', '22', NULL, NULL, NULL, '6', '55', NULL, NULL, NULL, '6000', '2021-07-05', 1, '2021-07-06 00:21:34', '2021-07-13 08:54:47', NULL),
(162, 'N2021-202 `', 'SHEZA SADIQ', NULL, '03132406490', NULL, 'SADIQ', 'female', '20', NULL, NULL, NULL, '8.30', '555', NULL, NULL, NULL, '3500', '2021-07-05', 1, '2021-07-06 00:22:41', '2021-07-06 00:22:41', NULL),
(163, 'N2021-203', 'SHEEMA SADIQ', NULL, '03408057840', NULL, 'SADIQ', 'female', '25', NULL, NULL, NULL, '8.30', '22', NULL, NULL, NULL, '3500', '2021-07-05', 1, '2021-07-06 00:23:38', '2021-07-06 00:23:38', NULL),
(164, 'N2021-204', 'AYESHA ASLAM', NULL, '03243137481', NULL, 'ASLAM NAWAB', 'female', '00', NULL, NULL, NULL, 'EVENING', '2552', NULL, NULL, NULL, '3500', '2021-07-05', 1, '2021-07-06 00:24:44', '2021-07-06 00:24:44', NULL),
(165, 'N2021-205', 'INAYATULLAH', NULL, '03363310498', NULL, 'KHURSHEED AHMED', 'male', '27', NULL, NULL, NULL, '7-11', '444', NULL, NULL, NULL, '4000', '2021-07-05', 1, '2021-07-06 00:25:57', '2021-07-06 00:25:57', NULL),
(166, 'N2021-206', 'AREEB PARVAIZ', NULL, '03320500093', NULL, 'PARVAIZ DADANI', 'male', '17', NULL, NULL, NULL, '11', '5525', NULL, NULL, NULL, '7000', '2021-07-05', 1, '2021-07-06 00:28:11', '2021-07-06 00:28:11', NULL),
(167, 'N2021-207', 'OWAIS SALEEM', NULL, '03161146318', NULL, 'SALEEM', 'male', '24', NULL, NULL, NULL, '7.30', '55', NULL, NULL, NULL, '4000', '2021-07-05', 1, '2021-07-06 00:29:40', '2021-07-06 00:29:40', NULL),
(168, 'N2021-208', 'SUHAIL AHMED', NULL, '03002106246', NULL, 'SULTAN AHMED', 'male', '42', NULL, NULL, NULL, 'M', '666', NULL, NULL, NULL, '7000', '2021-07-05', 1, '2021-07-06 00:31:07', '2021-07-06 00:31:07', NULL),
(169, 'N2021-209', 'IQRA', NULL, '03132443171', NULL, 'IRFAN', 'female', '22', NULL, NULL, NULL, '4-5', '55', NULL, NULL, NULL, '2000', '2021-07-06', 1, '2021-07-09 13:56:09', '2021-07-09 13:56:09', NULL),
(170, 'N2021-210', 'SHAFAQUE ASIF', NULL, '03132443171', NULL, 'ASIF SWAIL', 'female', '27', NULL, NULL, NULL, '4-5', '545454', NULL, NULL, '5', '2000', '2021-07-06', 1, '2021-07-09 13:59:08', '2021-07-09 13:59:08', NULL),
(171, 'N2021-211', 'SANA AMJAD', NULL, '03002837714', NULL, 'AMJAD', 'female', '38', NULL, '69', NULL, 'MORNING', '4-E 8/2 NAZIMABAD NO 4', NULL, NULL, 'KNEES AND THYROID  \r\n\r\nTIER 1', '7000', '2021-07-06', 1, '2021-07-09 14:04:18', '2021-08-10 03:39:04', NULL),
(172, 'N2021-212', 'HUDABIA KHAN', NULL, '03343206466', NULL, 'REHAN KHALIL', 'female', '15', NULL, NULL, NULL, 'EVENING', 'nitrogen', NULL, NULL, NULL, '8000', '2021-07-06', 1, '2021-07-09 14:07:14', '2021-07-09 14:07:14', NULL),
(173, 'N2021-213', 'SHAHZAD AKHAR', NULL, '03408397186', NULL, 'MUHAMMAD QAYYUM', 'male', '31', NULL, NULL, NULL, 'EVENING', 'Nitrogen', NULL, NULL, NULL, '8000', '2021-07-06', 1, '2021-07-09 14:10:55', '2021-07-09 14:10:55', NULL),
(174, 'N2021-214', 'meraj NASEEM', NULL, '034442800757', NULL, 'NASEEM', 'male', '24', NULL, NULL, NULL, '7-8', '55', NULL, NULL, NULL, '18000', '2021-07-06', 1, '2021-07-09 14:32:53', '2021-07-09 14:32:53', NULL),
(175, 'N2021-215', 'ARSALAN AMEEN', NULL, '03182779729', NULL, 'MOHAMMAD AMEEN', 'male', '24', NULL, NULL, NULL, '7-8', 'SDDD', NULL, NULL, NULL, '18000', '2021-07-06', 1, '2021-07-09 14:35:04', '2021-07-09 14:35:04', NULL),
(176, 'N2021-216', 'SYED MUHAMMAD ANAS', NULL, '03313427604', NULL, 'SHARIQ HASAN', 'male', '24', NULL, NULL, NULL, '/', 'Q', NULL, NULL, NULL, '4000', '2021-07-06', 1, '2021-07-09 14:36:48', '2021-07-09 14:36:48', NULL),
(177, 'N2021-217', 'ABDUL WASAY SIDDIQUI', NULL, '03354221213', NULL, 'JAMAL NASIR', 'male', '000', NULL, NULL, NULL, '6-9', '22', NULL, NULL, '2', '3000', '2021-07-06', 1, '2021-07-09 14:39:35', '2021-07-09 14:39:35', NULL),
(178, 'N2021-218', 'ANAS NADEEEM', NULL, '03331224894', NULL, 'NADEEM', 'male', '21', NULL, NULL, NULL, '9-10', '454', NULL, NULL, NULL, '3000', '2021-07-06', 1, '2021-07-09 14:41:26', '2021-07-09 14:41:26', NULL),
(179, 'N2021-219', 'HUSSAIN NASIR', NULL, '03362188687', NULL, 'NASIR', 'male', '22', NULL, NULL, NULL, '9-10', '5', NULL, NULL, NULL, '3000', '2021-07-06', 1, '2021-07-09 14:45:06', '2021-07-09 14:45:06', NULL),
(180, 'N2021-220', 'talha mobeen', NULL, '03352132360', NULL, 'khalid', 'male', '21', NULL, NULL, NULL, '9-11', '44', NULL, NULL, '5', '3000', '2021-07-06', 1, '2021-07-09 14:46:52', '2021-07-09 14:46:52', NULL),
(181, 'N2021-221', 'taHA RIZWAN', NULL, '03313368155', NULL, 'RIZWAN', 'male', '20', NULL, NULL, NULL, '10-11', '55', NULL, NULL, NULL, '5000', '2021-07-06', 1, '2021-07-09 14:47:48', '2021-08-02 10:33:36', NULL),
(182, 'N2021-222', 'ali', NULL, '03472498300', NULL, 'rizwan ahmed', 'male', '25', NULL, NULL, NULL, '-', '55', NULL, NULL, NULL, '3000', '2021-07-06', 1, '2021-07-09 14:49:37', '2021-07-09 14:49:37', NULL),
(183, 'N2021-223', 'umer ahmed', NULL, '03032177494', NULL, 'ahmed', 'male', '29', NULL, NULL, NULL, '-', '55', NULL, NULL, NULL, '4000', '2021-07-07', 1, '2021-07-09 14:50:46', '2021-07-09 14:50:46', NULL),
(184, 'N2021-224', 'nasra sadiq', NULL, '03333315945', NULL, 'sadiq', 'female', '00', NULL, NULL, NULL, '8.30', '12', NULL, NULL, NULL, '3000', '2021-07-07', 1, '2021-07-09 14:52:16', '2021-07-09 14:52:16', NULL),
(185, 'N2021-225', 'syeda asfa', NULL, '03423714030', NULL, 'faseed', 'female', '22', NULL, NULL, NULL, '6.30-7.30', '2585', NULL, NULL, NULL, '3000', '2021-07-07', 1, '2021-07-09 14:54:04', '2021-07-09 14:54:04', NULL),
(186, 'N2021-226', 'muhammad kashan hanif', NULL, '03077707111', NULL, 'hanif', 'male', '19', NULL, NULL, NULL, '6.30-7.30', '444', NULL, NULL, NULL, '7000', '2021-07-07', 1, '2021-07-09 14:55:23', '2021-07-09 14:55:23', NULL),
(187, 'N2021-181', 'ALNOOR', NULL, '03112995930', NULL, 'ALLAHUDDIN', 'male', '50', NULL, NULL, NULL, 'EVENING', '55', NULL, NULL, NULL, '4000', '2021-07-02', 1, '2021-07-15 07:20:08', '2021-07-15 07:20:08', NULL),
(188, 'N2021-166', 'SYED KARRAR UL HASSAN', NULL, '03333212112', NULL, 'ZULFIQAR ALI', 'male', '29', NULL, NULL, NULL, 'M', '4474', NULL, NULL, NULL, '18000', '2021-07-01', 1, '2021-07-15 07:22:34', '2021-07-15 07:22:34', NULL),
(189, 'N2021-227', 'MIRZA AQIL BAIG', NULL, '03352553819', NULL, 'AYUB BAIG', 'male', '65', NULL, NULL, NULL, '10', '8', NULL, NULL, NULL, '3500', '2021-07-07', 1, '2021-07-15 07:27:10', '2021-07-15 07:27:10', NULL),
(190, 'N2021-228', 'SALMAN SIDDIQUI', NULL, '03341211172', NULL, 'M.YAQOOB SIDDIQUI', 'male', '29', NULL, NULL, NULL, 'MORNING', '151', NULL, NULL, '5', '3000', '2021-07-07', 1, '2021-07-15 07:28:39', '2021-07-15 07:28:39', NULL),
(191, 'N2021-229', 'SYED MUHAMMAD TAQI', NULL, '03012320126', NULL, 'SYED MUHAMMAD AHMED', 'male', '18', NULL, NULL, NULL, '-', '4', NULL, NULL, NULL, '6000', '2021-07-07', 1, '2021-07-15 07:29:50', '2021-07-15 07:29:50', NULL),
(192, 'N2021-230', 'ABDUL SAMAD', NULL, '03232378433', NULL, 'KHALIL AHMED', 'male', '24', NULL, NULL, NULL, 'MORNING', '11', NULL, NULL, NULL, '6000', '2021-07-08', 1, '2021-07-15 07:31:31', '2021-07-15 07:31:31', NULL),
(193, 'N2021-231', 'HUMAIRA', NULL, '03002572625', NULL, 'MUHAMMAD ALI', 'female', '35', NULL, NULL, NULL, 'MORNING', '55', NULL, NULL, NULL, '5000', '2021-08-07', 1, '2021-07-15 07:33:00', '2021-07-15 07:33:00', NULL),
(194, 'N2021-232', 'SABA RAHEEL', NULL, '03127869890', NULL, 'RAHEEL', 'female', '30', NULL, NULL, NULL, '3-5', '22', NULL, NULL, NULL, '3000', '2021-08-07', 1, '2021-07-15 07:35:23', '2021-07-15 07:35:23', NULL),
(195, 'N2021-234', 'HUSNAIN NAJEEB', NULL, '03152511557', NULL, 'NAJEEB', 'male', '19', NULL, NULL, NULL, 'MORNING', '4', NULL, NULL, NULL, '2000', '2021-07-08', 1, '2021-07-15 07:39:00', '2021-07-15 07:39:00', NULL),
(196, 'N2021-235', 'SAAD FAYYAZ', NULL, '03343143149', NULL, 'FAYYAZ AHMED', 'male', '32', NULL, NULL, NULL, 'EVENING', '5', NULL, NULL, NULL, '4000', '2021-07-02', 1, '2021-07-15 07:40:49', '2021-08-01 21:59:11', NULL),
(197, 'N2021-236', 'RAMEEL IRFAN', NULL, '03092286955', NULL, 'IRFAN KHATRI', 'male', '23', NULL, NULL, NULL, '7-11', '4', NULL, NULL, NULL, '3000', '2021-08-09', 1, '2021-07-15 07:45:07', '2021-07-15 07:45:07', NULL),
(198, 'N2021-237', 'SYEDA ALMINA SARWAR', NULL, '03333084357', NULL, 'SYED SARWAR ALI', 'female', '23', NULL, NULL, NULL, '11-12', '44', NULL, NULL, NULL, '3000', '2021-07-09', 1, '2021-07-15 07:47:43', '2021-07-15 07:47:43', NULL),
(199, 'N2021-238', 'EJAZ', NULL, '03218614311', NULL, 'ABDUL REHMAN', 'male', '21', NULL, NULL, NULL, '10-11', '44', NULL, NULL, NULL, '3000', '2021-07-09', 1, '2021-07-15 07:49:01', '2021-07-15 07:49:01', NULL),
(200, 'N2021-239', 'HANZALA', NULL, '03218614311', NULL, 'WAHEED', 'male', '21', NULL, NULL, NULL, '10-11', '5', NULL, NULL, NULL, '3000', '2021-07-09', 1, '2021-07-15 07:50:41', '2021-07-15 07:50:41', NULL),
(201, 'N2021-119', 'SHARLA AMIN', NULL, '03242033190', NULL, 'AMIN REHMAN', 'female', '29', NULL, NULL, NULL, '-', 'FF', NULL, NULL, NULL, '5500', '2021-06-26', 1, '2021-07-15 08:06:15', '2021-07-15 08:06:15', NULL),
(202, 'N2021-26', 'ANAS RAZA', NULL, '03352162800', NULL, 'YOUSUF', 'male', '24', NULL, NULL, NULL, 'EVENING', 'NITROGEN', NULL, NULL, NULL, '7000', '2021-06-20', 1, '2021-07-27 13:53:26', '2021-07-27 13:53:26', NULL),
(203, 'N2021-244', 'Minal khan', NULL, '03343082367', NULL, 'Yonus', 'female', '20', NULL, NULL, NULL, '10:30 Pm', 'Fb area', NULL, NULL, NULL, '3000', '2021-07-12', 1, '2021-07-29 23:31:22', '2021-07-29 23:31:22', NULL),
(204, 'N2021-245', 'SHAHEER SOHAIL', NULL, '03363862747', NULL, 'M SOHAIL', 'male', '20', NULL, NULL, NULL, 'EVENING', 'NITROGEN', '4210185506323', NULL, NULL, '2000', '2021-07-12', 1, '2021-07-29 23:41:08', '2021-07-29 23:41:08', NULL),
(205, 'N2021-246', 'IMAD ISMAIL', NULL, '03323722238', NULL, 'ISMAIL', 'male', '26', NULL, NULL, NULL, 'EVENING', 'NAZIMABAD NO.3', NULL, NULL, 'TIER 1', '7000', '2021-07-12', 1, '2021-07-30 00:10:34', '2021-07-30 00:10:34', NULL),
(206, 'N2021-247', 'SIDRA', NULL, '03132508946', NULL, 'ANWAR', 'female', '20', NULL, NULL, NULL, 'MORNING', 'NAZIMABAD NO.3', NULL, NULL, 'TIER 1', '8000', '2021-07-13', 1, '2021-07-30 00:14:01', '2021-08-06 13:08:28', NULL),
(207, 'N2021-248', 'MUHAMMAD TAHIR', NULL, '03242480179', NULL, 'QAYYUM', 'male', '25', NULL, NULL, NULL, 'MORNING', 'NAZIMABAD BLOCK 3F', NULL, NULL, 'STRENGTH+CARDIO+TRAINER', '7000', '2021-07-14', 1, '2021-07-30 00:18:14', '2021-07-30 00:18:14', NULL),
(208, 'N2021-249', 'FALAK SHAIR', NULL, '03002061885', NULL, 'ALLAH DATA', 'male', '21', NULL, NULL, NULL, 'MORNING', 'GOLMARKET NAZIMABAD', NULL, NULL, 'ST+CD+TRAINER', '7000', '2021-07-14', 1, '2021-07-30 00:21:00', '2021-07-30 00:21:00', NULL),
(209, 'N2021-251', 'SALAHUDDIN.', NULL, '03153049964', NULL, 'MOIN-UDDIN', 'male', '21', NULL, NULL, NULL, 'MORNING', 'NAZIMABAD NO.5', NULL, NULL, 'STRENGTH', '2000', '2021-07-26', 1, '2021-07-30 00:33:45', '2021-07-30 00:33:45', NULL),
(210, 'N2021-128', 'MOHIBULLAH KHAN', NULL, '03366161248', NULL, 'ZIA U LLAH KHAN', 'male', '29', NULL, NULL, NULL, 'MORNING', 'NAZIMABAD 3', NULL, NULL, 'STENT TRAINE CADIO', '7000', '2021-06-26', 1, '2021-07-30 00:40:46', '2021-07-30 00:40:46', NULL),
(211, 'N2021-22', 'SIDRA KHURRAM', NULL, '03040711012', NULL, 'M KHURRAM', 'male', '30', NULL, NULL, NULL, 'AFTERNOON', 'NITRO', NULL, NULL, 'CADIOHIT', '3000', '2021-06-20', 1, '2021-07-30 00:49:39', '2021-07-30 00:49:39', NULL),
(212, 'N2021-252', 'DR M KALEEM', NULL, '03002107162', NULL, 'M NAEEM KHAN', 'male', '50', NULL, NULL, NULL, 'MORNING 8  30', 'NAZIMABAD', NULL, NULL, 'TEIR 1', '7000', '2021-07-26', 1, '2021-07-30 00:53:33', '2021-07-30 00:53:33', NULL),
(213, 'N2021-253', 'ZULQARNAIN AHSAN', NULL, '03463048086', NULL, 'M AHSAN', 'male', '20', NULL, NULL, NULL, '5 TO 6', 'NAZIMABAD', NULL, NULL, 'STRENTH', '2000', '2021-07-26', 1, '2021-07-30 00:55:45', '2021-07-30 00:55:45', NULL),
(214, 'N2021-255', 'M TAHA KANWAR', NULL, '03353016104', NULL, 'KANWA SHAMIM', 'male', '20', NULL, NULL, NULL, '6 TO 7', 'NAZIMABAD', NULL, NULL, 'ST TR', '5000', '2021-07-26', 1, '2021-07-30 00:59:54', '2021-07-30 00:59:54', NULL),
(215, 'N2021-256', 'M AHMED KHAN', NULL, '03000631995', NULL, 'ASIF ALI KHAN', 'male', '19', NULL, NULL, NULL, 'EVENING', 'NAZIMABAD', NULL, NULL, 'ST', '2000', '2021-07-26', 1, '2021-07-30 01:02:38', '2021-08-03 14:20:23', NULL),
(216, 'N2021-257', 'SARIM SABIR', NULL, '03316622538', NULL, 'SAABIR ISHAQ', 'male', '19', NULL, NULL, NULL, 'EVENING', 'NAZIMABAD 4', NULL, NULL, 'STRENTH', '2000', '2021-07-20', 1, '2021-07-30 01:09:28', '2021-07-30 01:09:28', NULL),
(217, 'N2021-258', 'RAJA MUHAMMAD FAIZAN', NULL, '03124520569', NULL, 'RAJA MUHAMMAD JAMEEL', 'male', '31', NULL, NULL, NULL, 'EVENING', 'NAZIMABAD NO.4', NULL, NULL, 'ST', '2000', '2021-07-26', 1, '2021-07-30 01:12:38', '2021-07-30 01:12:38', NULL),
(218, 'N2021-259', 'MUZAMMIL ALI', NULL, '03351245866', NULL, 'M. ALI', 'male', '23', NULL, NULL, NULL, '-', 'NAZIMABAD', NULL, NULL, 'CARDIO', '2000', '2021-07-26', 1, '2021-07-30 01:31:34', '2021-07-30 01:31:34', NULL),
(219, 'N2021-260', 'SAQIB SHAH', NULL, '03317544832', NULL, 'SHAHID HUSAIN', 'male', '30', NULL, NULL, NULL, '-', 'NAZIMABAD', NULL, NULL, 'CARDIO', '2000', '2021-07-25', 1, '2021-07-30 01:33:31', '2021-07-30 01:33:31', NULL),
(220, 'N2021-261', 'AHMED RAZA SHAH', NULL, '03338481637', NULL, 'FAROOQ SHAH', 'male', '24', NULL, NULL, NULL, 'EVENING', 'LIAQUATABAD', NULL, NULL, 'ST+CD+TRAINE', '5000', '2021-07-26', 1, '2021-07-30 01:36:16', '2021-07-30 01:36:16', NULL),
(221, 'N2021-262', 'WALI MUHAMMAD', NULL, '03222363372', NULL, 'ABDUL WADOOD', 'male', '26', NULL, NULL, NULL, '-', 'NAZIMABAD BLOCK 3', NULL, NULL, 'TIER 1', '7000', '2021-07-26', 1, '2021-07-30 01:38:13', '2021-07-30 01:38:13', NULL),
(222, 'N2021-263', 'SHAHAN SHAHAB', NULL, '03222414856', NULL, 'SHAHAB UDDIN', 'male', '31', NULL, NULL, NULL, '-', 'NAZIMABAD NO.3', NULL, NULL, 'STRENGTH', '2000', '2021-07-26', 1, '2021-07-30 01:40:54', '2021-07-30 01:40:54', NULL),
(223, 'N2021-264', 'FAZAL E RABBI', NULL, '03333832363', NULL, 'MUHAMMAD ASLAM', 'male', '28', NULL, NULL, NULL, '-', 'NAZIMABAD', NULL, NULL, 'STRENGTH', '2000', '2021-07-26', 1, '2021-07-30 01:45:13', '2021-07-30 01:45:13', NULL),
(224, 'N2021-265', 'ZAKA ULLAH', NULL, '03003581163', NULL, 'HAFEEZ ULLAH', 'male', '47', NULL, NULL, NULL, '-', 'NORTH NAZIMABAD BLOCK A', NULL, NULL, 'ST+T', '4000', '2021-07-26', 1, '2021-07-30 01:49:56', '2021-07-30 01:49:56', NULL),
(225, 'N2021-266', 'ABDULLAH YOUNUS', NULL, '03313771263', NULL, 'MUHAMMAD YOUNUS', 'male', '25', NULL, NULL, NULL, '-', 'NAZIMABAD NO.3', NULL, NULL, 'ST', '2000', '2021-07-26', 1, '2021-07-30 01:53:31', '2021-07-30 01:53:31', NULL),
(226, 'N2021-267', 'M. MOHSIN', NULL, '03162023262', NULL, 'PERVEZ', 'male', '33', NULL, NULL, NULL, '-', 'NAZIMABAD', NULL, NULL, 'ST+TR', '3000', '2021-07-26', 1, '2021-07-30 01:56:32', '2021-07-30 01:56:32', NULL),
(227, 'N2021-268', 'HASSAN KHALIDI', NULL, '03453390336', NULL, 'NAZAR KHALIDI', 'male', '30', NULL, NULL, NULL, 'MORNING', 'NAZIMABAD', NULL, NULL, 'ST+TR', '5000', '2021-07-27', 1, '2021-07-30 02:02:34', '2021-07-30 02:02:34', NULL),
(228, 'N2021-271', 'ABDULLAH PASHA', NULL, '03082987848', NULL, 'SHAKEEL PASHA', 'male', '15', NULL, NULL, NULL, '9-10', 'NAZIMABAD', NULL, NULL, 'ST+TR', '4000', '2021-07-27', 1, '2021-07-30 02:05:16', '2021-07-30 02:05:16', NULL);
INSERT INTO `members` (`id`, `member_no`, `name`, `email`, `mobile`, `phone`, `father_name`, `gender`, `age`, `height`, `weight`, `occupation`, `timing`, `address`, `cnic`, `branch`, `medical_problem`, `package`, `join_date`, `status`, `created_at`, `updated_at`, `package_id`) VALUES
(229, 'N2021-270', 'ABDUL MOIZ', NULL, '12345678910', NULL, 'GULZAR AHMED', 'male', '16', NULL, NULL, NULL, '9-10', 'NAZIMABAD', NULL, NULL, 'ST+TR', '4000', '2021-07-27', 1, '2021-07-30 02:07:58', '2021-07-30 02:07:58', NULL),
(230, 'N2021-272', 'SYED HASSAN ALI', NULL, '03302628979', NULL, 'AMIR ALI', 'male', '19', NULL, NULL, NULL, '-', 'NAZIMABAD NO.3', NULL, NULL, 'ST', '2000', '2021-07-27', 1, '2021-07-30 02:11:59', '2021-07-30 02:11:59', NULL),
(231, 'N2021-273', 'DAHIM ALI', NULL, '03312891233', NULL, 'AMIR ALI', 'male', '16', NULL, NULL, NULL, '-', 'NAZIMABAD NO.3', NULL, NULL, 'ST', '2000', '2021-07-27', 1, '2021-07-30 02:13:25', '2021-07-30 02:13:25', NULL),
(232, 'N2021-274', 'MASHAM HASAN', NULL, '03478086619', NULL, 'HASAN MEHMOOD', 'male', '25', NULL, NULL, NULL, '-', 'NAZIMABAD NO.2', NULL, NULL, 'ST', '2000', '2021-07-27', 1, '2021-07-30 02:16:08', '2021-08-02 10:41:25', NULL),
(233, 'N2021-275', 'IRTIZA HAMMAD', NULL, '03351136538', NULL, 'KAZIM ABBAS', 'male', '25', NULL, NULL, NULL, 'EVENING', 'NAZIMABAD NO.2', NULL, NULL, 'ST', '2000', '2021-07-27', 1, '2021-07-30 02:18:00', '2021-07-30 02:18:00', NULL),
(234, 'N2021-279', 'MUHAMMAD SAQIB', NULL, '03463542219', NULL, 'MUHAMMAD ZABAR', 'male', '32', NULL, NULL, NULL, 'EVENING', 'NAZIMABAD NO.2', NULL, NULL, 'TIER 3', '14000', '2021-07-27', 1, '2021-07-30 02:22:01', '2021-07-30 02:22:01', NULL),
(235, 'N2021-280', 'SHAIKH AUQAD', NULL, '03333013229', NULL, 'SHAIKH ABDUL AZIZ', 'male', '30', NULL, NULL, NULL, 'MORNING', 'LIAQUATABAD BLOCK 3', NULL, NULL, 'ST', '2000', '2021-07-28', 1, '2021-07-30 02:24:45', '2021-07-30 02:24:45', NULL),
(236, 'N2021-281', 'HUMNA AFTAB', NULL, '03002645811', NULL, 'AFTAB', 'female', '22', NULL, NULL, NULL, '-', 'NEAR HAMDARD HOSPITAL', NULL, NULL, 'ST+TR', '4000', '2021-07-28', 1, '2021-07-30 02:27:53', '2021-07-30 02:27:53', NULL),
(237, 'N2021-282', 'AYESHA SHAHID', NULL, '03323671678', NULL, 'SHAHID AHMED', 'female', '15', NULL, NULL, NULL, '3 4', 'NAZMBAD', NULL, NULL, 'HIT', '2000', '2021-07-28', 1, '2021-07-30 06:49:31', '2021-07-30 06:49:31', NULL),
(238, 'N2021-283', 'ZUHAIB IRSHAD', NULL, '03332066548', NULL, 'IRSHAD', 'male', '20', NULL, NULL, NULL, 'EVENING', 'NAZIMABAD', NULL, NULL, 'STENTH', '2000', '2021-07-28', 1, '2021-07-30 06:51:17', '2021-07-30 06:51:17', NULL),
(239, 'N2021-284', 'AZRA JAMAL', NULL, '03333864746', NULL, 'JAMAL', 'female', '51', NULL, NULL, NULL, '630', 'NAZIMABAD', NULL, NULL, NULL, '3000', '2021-07-28', 1, '2021-07-30 06:53:55', '2021-07-30 06:53:55', NULL),
(240, 'N2021-285', 'MUDABBBIR HUSSAIN SHIRAZI', NULL, '03333588817', NULL, 'MOAZZAMULHSANAT SHIRAZI', 'male', '22', NULL, NULL, NULL, '7PM', 'NAZIAMAD', NULL, NULL, 'STRENTH TRAINWER', '4000', '2021-07-28', 1, '2021-07-30 06:56:38', '2021-07-30 06:56:38', NULL),
(241, 'N2021-286', 'ZAIN KHAN', NULL, '03453996931', NULL, 'SATTAR KHAN', 'male', '33', NULL, NULL, NULL, 'EVENING', 'NAZIMABAD', NULL, NULL, 'STRENTH TRAINER CADIO', '5000', '2021-07-28', 1, '2021-07-30 06:58:34', '2021-07-30 06:58:34', NULL),
(242, 'N2021-287', 'MUHAMMAD ASALAN', NULL, '03018277782', NULL, 'KAMRAN ABDULKHALIQ', 'male', '30', NULL, NULL, NULL, 'EVENING', 'NAZIMABAD', NULL, NULL, 'STRENTH CADIO', '3500', '2021-07-28', 1, '2021-07-30 07:01:41', '2021-07-30 07:01:41', NULL),
(243, 'N2021-289', 'SHABIR RAZA', NULL, '03133268523', NULL, 'FAZAL HUSAIN', 'male', '26', NULL, NULL, NULL, 'EVEN', 'NAZIMABAD', NULL, NULL, 'STRENTH CADIO TRAINEE', '5000', '2021-07-28', 1, '2021-07-30 07:07:24', '2021-07-30 07:07:24', NULL),
(244, 'N2021-290', 'ZESHAN BASHIR', NULL, '03452650925', NULL, 'MUHAMMAD BASHIR', 'male', '25', NULL, NULL, NULL, 'EVENING', 'NAZMBD', NULL, NULL, 'STRENTH CADIO TRAINER', '4000', '2021-07-28', 1, '2021-07-30 07:09:58', '2021-07-30 07:09:58', NULL),
(245, 'N2021-291', 'SHIRAZ AHMED', NULL, '03182891177', NULL, 'ZULFIQAR AHMED', 'male', '25', NULL, NULL, NULL, 'EVENING', 'NAZIMABAD', NULL, NULL, 'STRENTH CADIO TRAINER', '4000', '2021-07-28', 1, '2021-07-30 07:12:36', '2021-07-30 07:12:36', NULL),
(246, 'N2021-292', 'FAIZA SALMAN', NULL, '03001234567', NULL, 'SALMAN AOOF', 'female', '34', NULL, NULL, NULL, '3 TO 5', 'NAZIMABAD', NULL, NULL, 'HIT CADIO', '4000', '2021-07-29', 1, '2021-07-30 07:15:21', '2021-07-30 07:15:21', NULL),
(247, 'N2021-293', 'AMEER HAMZA', NULL, '03322481874', NULL, 'NASIR FAZAL QASIM', 'male', '20', NULL, NULL, NULL, 'EVENING', 'NAZIMABAD', NULL, NULL, 'STRENTH', '2000', '2021-07-29', 1, '2021-07-30 07:17:28', '2021-07-30 07:17:28', NULL),
(248, 'N2021-294', 'MUHAMMAD IBRAHIM ALAM', NULL, '03132619927', NULL, 'SAFRAZ ALAM', 'male', '21', NULL, NULL, NULL, 'EVE', 'NAZIMABAD', NULL, NULL, 'STRENTH', '2000', '2021-07-29', 1, '2021-07-30 07:19:57', '2021-07-30 07:19:57', NULL),
(249, 'N2021-254', 'MUNEEB UR EHMAN', NULL, '033343095597', NULL, 'MUJEEB UR REHMAN', 'male', '29', NULL, NULL, NULL, 'EVENING', 'NAZIMABAD', NULL, NULL, 'STRENTH CADIO', '3500', '2021-07-26', 1, '2021-07-30 07:26:44', '2021-07-30 07:26:44', NULL),
(250, 'N2021-296', 'HAZIQ AAMIR', NULL, '03478366236', NULL, 'MUHAMMID AMIR', 'male', '19', NULL, NULL, NULL, 'EVENING', 'BLOCK A', NULL, NULL, 'STRENTH', '1500', '2021-07-30', 1, '2021-07-30 08:53:09', '2021-07-30 08:53:09', NULL),
(251, 'N2021-297', 'DANIYAL AHMED', NULL, '03332949645', NULL, 'KHALID SHUJA', 'male', '20', NULL, NULL, NULL, 'EVENING', 'BLOCK A', NULL, NULL, 'STRENTH', '1500', '2021-07-30', 1, '2021-07-30 08:55:26', '2021-07-30 08:55:26', NULL),
(252, 'N2021-300', 'MUHAMMAD HUZAIFA', NULL, '03333276206', NULL, 'NOSHAD AHMED', 'male', '29', NULL, NULL, NULL, 'EVENUNG', 'NAZIMBAD', NULL, NULL, 'ST CAD TRAINER', '5000', '2021-07-30', 1, '2021-07-30 12:47:42', '2021-07-30 12:47:42', NULL),
(253, 'N2021-299', 'ABDULREHMAN', NULL, '03352086561', NULL, 'ASHID', 'male', '24', NULL, NULL, NULL, 'EVENING 930', 'NAZIMABAD', NULL, NULL, 'STENTH', '2000', '2021-07-30', 1, '2021-07-30 12:50:16', '2021-07-30 12:50:16', NULL),
(254, 'N2021-301', 'Moiz Asif', NULL, '03482241629', NULL, 'Muhammad Asif', 'male', '25', NULL, NULL, NULL, 'EVENING', 'Strength and Trainer', NULL, NULL, NULL, '4000', '2021-07-31', 1, '2021-07-31 12:18:41', '2021-08-05 07:16:41', NULL),
(255, 'N2021-302', 'Hassan Khan', NULL, '03129295611', NULL, 'Aftab', 'male', '17', NULL, NULL, NULL, 'EVENING', '-', NULL, NULL, NULL, '5000', '2021-07-31', 1, '2021-07-31 12:33:09', '2021-07-31 12:33:09', NULL),
(256, 'N2021-303', 'ASAD ZULFIQAR', NULL, '03452441043', NULL, 'ZULFIQAR AHMED KHAN', 'male', '33', NULL, NULL, NULL, 'MORNING', 'F.B AREA SHARIFABAD', NULL, NULL, 'STRENGTH+CARDIO+TRAINER', '5000', '2021-08-02', 1, '2021-08-01 22:11:06', '2021-08-01 22:11:06', NULL),
(257, 'N2021-324', 'YASIR AMIN', NULL, '03322885005', NULL, 'AMIN QASIM', 'male', '26', NULL, NULL, NULL, 'EVENING', 'NAZIMABAD', NULL, 'NITROGEN FITNESS & WELLNESS', 'ST CAD', '3000', '2021-08-03', 1, '2021-08-04 01:07:16', '2021-08-04 01:07:16', NULL),
(258, 'N2021-328', 'FOUZ UL HUSAIN', NULL, '03032413010', NULL, 'NAJAMULHUSAIN', 'male', '18', NULL, NULL, NULL, 'EV', 'NAZ', NULL, NULL, 'STRENTH', '2000', '2021-08-03', 1, '2021-08-04 01:10:31', '2021-08-04 01:10:31', NULL),
(259, 'N2021-334', 'ABDUREHMAN', NULL, '03412473337', NULL, 'ABDULMASEEM', 'male', '35', NULL, NULL, NULL, 'EVE', 'NAZ\r\n\\', NULL, NULL, 'ST CAD', '3000', '2021-08-03', 1, '2021-08-04 01:13:26', '2021-08-04 01:13:26', NULL),
(260, 'N2021-325', 'RAHIL GHNACHI', NULL, '03163029890', NULL, 'RAFIQ GHANCHI', 'male', '31', NULL, NULL, NULL, 'EVENING', 'NAZ', NULL, NULL, 'ST CAD', '3000', '2021-08-03', 1, '2021-08-04 01:21:08', '2021-08-04 01:21:08', NULL),
(261, 'N2021-326', 'MUHAMMAD ANAS MIR', NULL, '03362484909', NULL, 'KALEEM MIR', 'male', '21', NULL, NULL, NULL, 'EVENING', 'N', NULL, NULL, 'S T C', '5000', '2021-08-03', 1, '2021-08-04 01:35:41', '2021-08-04 01:35:41', NULL),
(262, 'N2021-327', 'ABDUL WADOOD ALAM SHEIKH', NULL, '03452052704', NULL, 'M RAIS ALAM SHEIKH', 'male', '25', NULL, NULL, NULL, 'EV', 'N', NULL, NULL, 'STRENTH 1700 FOR 2 MONTH AUGUST AND SEPTMBR', '1700', '2021-08-03', 1, '2021-08-04 02:24:19', '2021-08-04 02:24:19', NULL),
(263, 'N2021-329', 'BADUL KABEER', NULL, '03452518244', NULL, 'ZAHIDNKABIR', 'male', '16', NULL, NULL, NULL, 'EVENING', 'N', NULL, NULL, 'STRENT 1700 FOR 2 MONTHS', '1700', '2021-08-03', 1, '2021-08-04 02:38:46', '2021-08-04 02:38:46', NULL),
(264, 'N2021-331', 'JUNAID KHAN', NULL, '03102033013', NULL, 'KAMAN KHAN', 'male', '16', NULL, NULL, NULL, 'EVE', 'N', NULL, NULL, '2 MONTHS 1700', '1700', '2021-08-03', 1, '2021-08-04 02:43:49', '2021-08-04 02:43:49', NULL),
(265, 'N2021-330', 'SYED MUZAMIL', NULL, '03150226667', NULL, 'SYED MUNIR', 'male', '17', NULL, NULL, NULL, 'E', 'N', NULL, NULL, 'STREENTH', '1700', '2021-08-03', 1, '2021-08-04 02:57:37', '2021-08-04 02:57:37', NULL),
(266, 'N2021-332', 'DANIYAL SHEHZAD', NULL, '03042086099', NULL, 'SHAHZAD MEHMOOD', 'male', '22', NULL, NULL, NULL, 'EVENING', 'N', NULL, NULL, 'STENTH', '2000', '2021-08-03', 1, '2021-08-04 03:06:03', '2021-08-04 03:06:03', NULL),
(267, 'N2021-333', 'MUHAMMAD FAHAD IQBAL', NULL, '03412473337', NULL, 'IQBAL MUHAMMAD', 'male', '30', NULL, NULL, NULL, 'EVENING', 'N', NULL, NULL, 'ST CAD', '3500', '2021-08-03', 1, '2021-08-04 03:08:43', '2021-08-04 03:08:43', NULL),
(268, 'N2021-304', 'MAHEEN AZIZ', NULL, '03158190272', NULL, 'SYEDB AZIZ UL QADRI', 'male', '19', NULL, NULL, NULL, 'E', 'N', NULL, NULL, 'ST CAD', '3000', '2021-08-02', 1, '2021-08-04 03:40:47', '2021-08-04 03:40:47', NULL),
(269, 'N2021-305', 'LAILA ANSARI', NULL, '01234567891', NULL, 'AFTAB UDDIN ANSARI', 'female', '24', NULL, NULL, NULL, '11-12 mor', '44', NULL, NULL, NULL, '7000', '2021-08-02', 1, '2021-08-04 07:38:01', '2021-08-04 07:38:01', NULL),
(270, 'N2021-306', 'maaz arif', NULL, '03062948427', NULL, 'arif', 'male', '18', NULL, NULL, NULL, 'EVENING 930', 'edef', NULL, '`', NULL, '3500', '2021-08-02', 1, '2021-08-04 07:40:33', '2021-08-04 07:40:33', NULL),
(271, 'N2021-307', 'moiz siddiqui', NULL, '03242502201', NULL, 'm.akhlaq', 'male', '19', NULL, NULL, NULL, 'EVENING', '1', NULL, NULL, NULL, '2000', '2021-08-02', 1, '2021-08-04 07:42:37', '2021-08-04 07:42:37', NULL),
(272, 'N2021-308', 'usama ahmed siddiqui', NULL, '03242502201', NULL, 'MUHAMMAD AKHLAQ', 'male', '23', NULL, NULL, NULL, 'EVENING', '5', NULL, NULL, NULL, '2000', '2021-08-02', 1, '2021-08-04 07:44:35', '2021-08-04 07:44:35', NULL),
(273, 'N2021-310', 'mujtaba ahmed', NULL, '03212211145', NULL, 'ashaf', 'male', '15', NULL, NULL, NULL, 'EVEN', '51654165', NULL, NULL, NULL, '3500', '2021-08-02', 1, '2021-08-04 07:46:06', '2021-08-04 07:46:06', NULL),
(274, 'N2021-309', 'mursaleen nasir', NULL, '03333482910', NULL, 'nasir noor', 'male', '15', NULL, NULL, NULL, 'EVENING', '5', NULL, NULL, NULL, '3500', '2021-08-02', 1, '2021-08-04 07:47:41', '2021-08-04 07:47:41', NULL),
(275, 'N2021-312', 'farhan', NULL, '03456151777', NULL, 'ghulam qasim', 'male', '33', NULL, NULL, NULL, 'E', '55', NULL, NULL, NULL, '2000', '2021-08-02', 1, '2021-08-04 07:56:10', '2021-08-04 07:56:10', NULL),
(276, 'N2021-313', 'sufiyan abdin', NULL, '03112496529', NULL, 'zain ul abdin', 'male', '17', NULL, NULL, NULL, '8.30', '9', NULL, NULL, NULL, '2000', '2021-08-02', 1, '2021-08-04 07:57:24', '2021-08-04 07:57:24', NULL),
(277, 'N2021-314', 'syed muhammad hassan', NULL, '03102410367', NULL, 'syed akhtar hassan', 'male', '17', NULL, NULL, NULL, '8', '6', NULL, NULL, NULL, '2000', '2021-08-02', 1, '2021-08-04 07:58:43', '2021-08-04 07:58:43', NULL),
(278, 'N2021-315', 'hashir khan', NULL, '03032976240', NULL, 'arif khan', 'male', '21', NULL, NULL, NULL, 'm', '5', NULL, NULL, NULL, '2000', '2021-08-02', 1, '2021-08-04 08:00:48', '2021-08-04 08:00:48', NULL),
(279, 'N2021-316', 'hayyan kazim', NULL, '03062693133', NULL, 'kazim', 'male', '17', NULL, NULL, NULL, 'm', '55', NULL, NULL, NULL, '2000', '2021-08-03', 1, '2021-08-04 08:01:59', '2021-08-04 08:02:49', NULL),
(280, 'N2021-317', 'faiz ahmed', NULL, '033362101254', NULL, 'abdul azeez', 'male', '33', NULL, NULL, NULL, 'm', '2', NULL, NULL, NULL, '7000', '2021-08-03', 1, '2021-08-04 08:04:27', '2021-08-04 08:04:27', NULL),
(281, 'N2021-318', 'yahya ahsan', NULL, '033350113532', NULL, 'ahsan habib', 'male', '30', NULL, NULL, NULL, 'm', '3', NULL, NULL, NULL, '2000', '2021-08-03', 1, '2021-08-04 08:19:39', '2021-08-04 08:19:39', NULL),
(282, 'N2021-319', 'nazia saad', NULL, '03062588778', NULL, 'saad', 'female', '35', NULL, NULL, NULL, '3-4', '444', NULL, NULL, NULL, '4000', '2021-08-03', 1, '2021-08-04 08:21:16', '2021-08-04 08:21:16', NULL),
(283, 'N2021-320', 'abdul moiz', NULL, '03212800270', NULL, 'dr.younus', 'male', '33', NULL, NULL, NULL, '-', '66', NULL, NULL, NULL, '2000', '2021-08-03', 1, '2021-08-04 08:23:15', '2021-08-04 08:23:15', NULL),
(284, 'N2021-321', 'm.saad', NULL, '03162533095', NULL, 'm.zahid', 'male', '20', NULL, NULL, NULL, '6-7', '5555', NULL, NULL, NULL, '2000', '2021-08-03', 1, '2021-08-04 08:24:52', '2021-08-04 08:24:52', NULL),
(285, 'N2021-323', 'RAHEEL INAM', NULL, '01234567891', NULL, 'INAM UR REHMAN', 'male', '27', NULL, NULL, NULL, 'm+e', '99', NULL, NULL, NULL, '10000', '2021-08-03', 1, '2021-08-04 08:26:17', '2021-08-04 08:27:33', NULL),
(286, 'N2021-370', 'MUHAMMAD SALMAN', NULL, '03212086021', NULL, 'MUHAMMAD USMAN', 'male', '37', NULL, NULL, NULL, '5PM', 'NAZIMABAD', NULL, NULL, 'STRENTH CADIO', '3500', '2021-08-05', 1, '2021-08-09 05:09:51', '2021-08-09 05:09:51', NULL),
(287, 'N2021-371', 'YOUSUF SALEEM', NULL, '03350300991', NULL, 'ABDUL SALEEM', 'male', '30', NULL, NULL, NULL, 'EVE', 'N', NULL, NULL, 'CADIO', '2000', '2021-08-05', 1, '2021-08-09 05:29:44', '2021-08-09 05:29:44', NULL),
(288, 'N2021-373', 'OMER MUGHAL', NULL, '03450999215', NULL, 'KHAWAR MUGHAL', 'male', '19', NULL, NULL, NULL, 'M', '44', NULL, NULL, NULL, '3000', '2021-08-05', 1, '2021-08-09 06:10:17', '2021-08-09 06:10:17', NULL),
(289, 'N2021-374', 'ARHAM KHALID', NULL, '03408626030', NULL, 'KHALID RAFAT', 'male', '21', NULL, NULL, NULL, 'EVENING', '5545454', NULL, NULL, NULL, '3500', '2021-08-05', 1, '2021-08-09 06:12:08', '2021-08-09 06:12:08', NULL),
(290, 'N2021-375', 'SHAFAAT HUSSAIN', NULL, '03088294069', NULL, 'RIASAT HUSSAIN', 'male', '21', NULL, NULL, NULL, 'EVENING', '555', NULL, NULL, NULL, '2000', '2021-08-05', 1, '2021-08-09 06:13:46', '2021-08-09 06:13:46', NULL),
(291, 'N2021-376', 'MUHAMMAD ABDULLAH', NULL, '03098240331', NULL, 'M.KAMAL', 'male', '20', NULL, NULL, NULL, '9-10', '785', NULL, NULL, NULL, '2000', '2021-08-05', 1, '2021-08-09 06:16:17', '2021-08-09 06:16:17', NULL),
(292, 'N2021-377', 'OSAMA AHMED DARBARI', NULL, '03242442504', NULL, 'ANEES AHMED DARBARI', 'male', '23', NULL, NULL, NULL, 'E', '78', NULL, NULL, NULL, '2000', '2021-08-05', 1, '2021-08-09 06:19:10', '2021-08-09 06:19:10', NULL),
(293, 'N2021-378', 'ARSH', NULL, '03122616611', NULL, 'AKBER ALI', 'male', '0', NULL, NULL, NULL, '-', '8', NULL, NULL, NULL, '2000', '2021-08-05', 1, '2021-08-09 06:21:27', '2021-08-09 06:21:27', NULL),
(294, 'N2021-379', 'DR.MOIZ KHAN', NULL, '03362266512', NULL, '/////////////////', 'male', '29', NULL, NULL, NULL, 'E', '5', NULL, NULL, NULL, '2000', '2021-08-05', 1, '2021-08-09 06:24:28', '2021-08-09 06:24:28', NULL),
(295, 'N2021-380', 'MAHMOOD UL HASSAN', NULL, '03322300190', NULL, 'SAED AHMED', 'male', '30', NULL, NULL, NULL, 'E', '5', NULL, NULL, NULL, '2000', '2021-08-05', 1, '2021-08-09 06:26:02', '2021-08-09 06:26:02', NULL),
(296, 'N2021-381', 'MUHAMMAD SHAFIQ', NULL, '03042151737', NULL, 'MUHAMMAD RAFIQ', 'male', '21', NULL, NULL, NULL, 'EVEN', '4', NULL, NULL, NULL, '5000', '2021-08-05', 1, '2021-08-09 06:27:42', '2021-08-09 06:27:42', NULL),
(297, 'N2021-382', 'MUHAMMAD ASHRAF', NULL, '03151001930', NULL, 'ABDUL SATTAR', 'male', '23', NULL, NULL, NULL, 'EVENING', '5', NULL, NULL, NULL, '2000', '2021-08-05', 1, '2021-08-09 06:29:37', '2021-08-09 06:29:37', NULL),
(298, 'N2021-383', 'M.IZHAN PARACHA', NULL, '03174737144', NULL, 'ZAHOOR PARACHA', 'male', '17', NULL, NULL, NULL, '7', '55', NULL, NULL, NULL, '2000', '2021-08-05', 1, '2021-08-09 06:30:52', '2021-08-09 06:30:52', NULL),
(299, 'N2021-384', 'MUHAMA RIYAZ', NULL, '03012047121', NULL, 'HABIB SULEMAN', 'male', '37', NULL, NULL, NULL, 'EVENING', '55', NULL, NULL, 'strenth cadio tr', '5000', '2021-08-05', 1, '2021-08-09 06:32:28', '2021-08-11 10:58:32', NULL),
(300, 'N2021-385', 'FIZZAH KHAN', NULL, '03346777480', NULL, 'ABDUL SAMAD KHAN', 'female', '18', NULL, NULL, NULL, '11-12', '51515151', NULL, NULL, '5', '3000', '2021-08-05', 1, '2021-08-09 06:36:30', '2021-08-09 06:36:30', NULL),
(301, 'N2021-386', 'LAIBA KHURRAM', NULL, '03232425509', NULL, 'KHURRAM NASEEM', 'female', '18', NULL, NULL, NULL, '11/12', '484848484', NULL, NULL, NULL, '2000', '2021-08-06', 1, '2021-08-09 06:37:56', '2021-08-09 06:37:56', NULL),
(302, 'N2021-387', 'SOBIA KHURRAM', NULL, '03232425509', NULL, 'KHURRAM NASEEM', 'female', '40', NULL, NULL, NULL, 'EVENING', '5', NULL, NULL, NULL, '2000', '2021-08-06', 1, '2021-08-09 06:39:54', '2021-08-09 06:39:54', NULL),
(303, 'N2021-388', 'SHAHID SHAFI', NULL, '03452269030', NULL, 'SHAFI', 'male', '40', NULL, NULL, NULL, 'E', '44949', NULL, NULL, 'Q', '1750', '2021-08-06', 1, '2021-08-09 06:41:16', '2021-08-09 06:43:58', NULL),
(304, 'N2021-389', 'NUSRAT SHAHID', NULL, '03452269030', NULL, 'SHAHID', 'male', '32', NULL, NULL, NULL, 'E', '4', NULL, NULL, NULL, '1750', '2021-08-09', 1, '2021-08-09 06:45:28', '2021-08-09 06:45:28', NULL),
(305, 'N2021-390', 'JUNAID NASIR', 'taha.syed45@gmail.com', '03212737103', NULL, 'NASI UDDIN', 'male', '21', NULL, NULL, NULL, 'EVEN', '262626', NULL, NULL, NULL, '2000', '2021-08-09', 1, '2021-08-09 06:46:51', '2021-08-09 06:46:51', NULL),
(306, 'N2021-391', 'HAMZA ABBASI', NULL, '03132034012', NULL, 'ABDUL WAHAB ABBASI', 'male', '21', NULL, NULL, NULL, 'E', '5', NULL, NULL, NULL, '7000', '2021-08-06', 1, '2021-08-09 06:49:10', '2021-08-09 06:49:10', NULL),
(307, 'N2021-295', 'anas sohail', NULL, '03312359614', NULL, 'm sohail', 'male', '32', NULL, NULL, NULL, 'MORNING', 'n', NULL, NULL, 'stenth cadio trainer', '5000', '2021-07-08', 1, '2021-08-10 00:16:50', '2021-08-10 00:16:50', NULL),
(308, 'N2021-400', 'MUHAMMAD AFRAZ SHEIKH', NULL, '03151117425', NULL, 'M AKHLAQ', 'male', '19', NULL, NULL, NULL, 'MONING', 'N', NULL, NULL, 'STRENTH', '2000', '2021-08-09', 1, '2021-08-10 05:35:18', '2021-08-10 05:35:18', NULL),
(309, 'N2021-395', 'SIDRA KHAN', NULL, '03333779264', NULL, 'TAIMOOR KHAN', 'female', '31', NULL, NULL, NULL, 'EVENING', 'N', NULL, NULL, 'TIER 1', '7000', '2021-08-07', 1, '2021-08-10 05:50:31', '2021-08-10 05:50:31', NULL),
(310, 'N2021-396', 'M QASIM', NULL, '03452111741', NULL, 'SHAHID SALEEM', 'male', '20', NULL, NULL, NULL, 'EVENING', 'N', NULL, NULL, 'STENTH CADIO', '3000', '2021-08-07', 1, '2021-08-10 05:55:05', '2021-08-10 05:55:05', NULL),
(311, 'N2021-397', 'OWAIS ALI', NULL, '03122736231', NULL, 'LIYAQATH ALI', 'male', '26', NULL, NULL, NULL, 'EVENING', 'N', NULL, NULL, 'STRENTH', '2000', '2021-08-07', 1, '2021-08-10 05:57:27', '2021-08-10 05:57:27', NULL),
(312, 'N2021-398', 'HAMZA SHAH', NULL, '03202591655', NULL, 'FAHAN SHAH', 'male', '18', NULL, NULL, NULL, 'EVENING', 'N', NULL, NULL, 'STENTH  CADIO', '4000', '2021-08-07', 1, '2021-08-10 06:00:15', '2021-08-10 06:00:15', NULL),
(313, 'N2021-399', 'ASIF ALI', NULL, '03013408467', NULL, 'SALAMATH ALI', 'male', '25', NULL, NULL, NULL, 'MORNING', 'N', NULL, NULL, 'TIER1', '7000', '2021-08-09', 1, '2021-08-10 06:03:09', '2021-08-10 06:03:09', NULL),
(314, 'N2021-401', 'NIDA SAAD', NULL, '03412145422', NULL, 'HUBAND JAWAID', 'female', '33', NULL, NULL, NULL, 'EVENING', 'N', NULL, NULL, 'STENTH CADIO', '5000', '2021-08-09', 1, '2021-08-10 06:06:53', '2021-08-10 06:06:53', NULL),
(315, 'N2021-402', 'UNEEB ALAM', NULL, '03001752018', NULL, 'M ASLAM ZAHID', 'male', '32', NULL, NULL, NULL, 'EVENING', 'N', NULL, NULL, 'STRENTH', '2000', '2021-09-08', 1, '2021-08-10 06:11:04', '2021-08-10 06:11:04', NULL),
(316, 'N2021-403', 'M AREEB JAWAID', NULL, '03131083422', NULL, 'M JAWAID KHJAN', 'male', '21', NULL, NULL, NULL, 'MORNING', 'N', NULL, NULL, 'STRENTH', '1500', '2021-08-09', 1, '2021-08-10 06:12:55', '2021-08-10 06:12:55', NULL),
(317, 'N2021-405', 'AREEB IFTIKHAR', NULL, '03162448244', NULL, 'IFTHIKHAR AHMED', 'male', '23', NULL, NULL, NULL, 'MORNING', 'N', NULL, NULL, 'STRENTH', '2000', '2021-08-09', 1, '2021-08-10 06:15:54', '2021-08-10 06:15:54', NULL),
(318, 'N2021-406', 'M NOMAN ANEES', NULL, '03362245735', NULL, 'M ANEES', 'male', '31', NULL, NULL, NULL, 'MOR', 'N', NULL, NULL, 'STENTH CADIO', '3500', '2021-08-09', 1, '2021-08-10 06:17:49', '2021-08-10 06:17:49', NULL),
(319, 'N2021-412', 'WANIA KHAN', NULL, '03322420985', NULL, 'RIZWAN KHAN', 'female', '16', NULL, NULL, NULL, 'AFTERNOON', 'N', NULL, NULL, 'CADIO', '2000', '2021-08-09', 1, '2021-08-10 06:22:31', '2021-08-10 06:22:31', NULL),
(320, 'N2021-414', 'ZAIB UN NISA IZWAN', NULL, '03322420985', NULL, 'RIZWAN KHAN', 'female', '33', NULL, NULL, NULL, 'AFTERNOON', 'N', NULL, NULL, 'CADIO', '2000', '2021-08-09', 1, '2021-08-10 06:26:32', '2021-08-10 06:26:32', NULL),
(321, 'N2021-419', 'JAHANGIR YAMIN', NULL, '03212535770', NULL, 'M YAMIN', 'male', '37', NULL, NULL, NULL, 'MORNING', 'N', NULL, NULL, 'STTENGTH CARDIO TAINER', '5000', '2021-08-10', 1, '2021-08-11 01:09:08', '2021-08-11 01:09:08', NULL),
(322, 'N2021-409', 'OSAMA', NULL, '03319229059', NULL, 'ABDUL REHMAN', 'male', '24', NULL, NULL, NULL, 'EVENING', 'N', NULL, NULL, 'STRENGTH', '2000', '2021-08-09', 1, '2021-08-11 01:13:42', '2021-08-11 01:13:42', NULL),
(323, 'N2021-410', 'AHMED HASSAN', NULL, '03462233404', NULL, 'IFTIKHA BALEGH', 'male', '18', NULL, NULL, NULL, 'EVENING', 'N', NULL, NULL, 'STRENGTH', '2000', '2021-08-09', 1, '2021-08-11 01:16:27', '2021-08-11 01:16:27', NULL),
(324, 'N2021-411', 'KHUSHBU FARHAN', NULL, '03463355462', NULL, 'FARHAN', 'female', '25', NULL, NULL, NULL, 'EVENING', 'N', NULL, NULL, 'HIT', '3000', '2021-08-09', 1, '2021-08-11 01:19:56', '2021-08-11 01:19:56', NULL),
(325, 'N2021-413', 'QAZI UDDIN', NULL, '03333242099', NULL, 'TALAL UDDIN', 'male', '26', NULL, NULL, NULL, 'EVENING', 'N', NULL, NULL, 'STRENGTH', '2000', '2021-08-09', 1, '2021-08-11 01:30:11', '2021-08-11 01:30:11', NULL),
(326, 'N2021-337', 'HAMZA SHEIKH', NULL, '03460030241', NULL, 'SAMI', 'male', '22', NULL, NULL, NULL, 'EVENING', 'N', NULL, NULL, 'STRENGTH', '2000', '2021-08-04', 1, '2021-08-11 01:41:59', '2021-08-11 01:41:59', NULL),
(327, 'N2021-359', 'SAMIA NOMAN', NULL, '03212710515', NULL, 'NOMAN ALAM', 'female', '32', NULL, NULL, NULL, 'MORNING', 'N', NULL, NULL, 'HIT', '3000', '2021-08-05', 1, '2021-08-11 01:44:59', '2021-08-11 01:44:59', NULL),
(328, 'N2021-363', 'HAFSA AIS', NULL, '03361399519', NULL, 'RAIS ALAM', 'female', '19', NULL, NULL, NULL, 'MORNING', 'N', NULL, NULL, 'STRENGTH', '2000', '2021-08-05', 1, '2021-08-11 01:46:54', '2021-08-11 01:46:54', NULL),
(329, 'N2021-362', 'ASFA MUSHTAQ', NULL, '03432024185', NULL, 'M.MUSHTAQ', 'female', '20', NULL, NULL, NULL, 'MORNING', 'N', NULL, NULL, 'STRENGTH', '2000', '2021-08-05', 1, '2021-08-11 01:49:16', '2021-08-11 01:49:16', NULL),
(330, 'N2021-361', 'AYESHA ANEES', NULL, '03182876311', NULL, 'M.ANEES', 'female', '19', NULL, NULL, NULL, 'MORNING', 'N', NULL, NULL, 'STRENGHT CADIO', '6000', '2021-08-05', 1, '2021-08-11 01:52:39', '2021-08-11 01:52:39', NULL),
(331, 'N2021-360', 'SAHAR RAFI', NULL, '03118417493', NULL, 'M.RAFI GHORI', 'female', '24', NULL, NULL, NULL, 'MORNING', 'N', NULL, NULL, 'STRENGHT', '2000', '2021-08-05', 1, '2021-08-11 01:54:25', '2021-08-11 01:54:25', NULL),
(332, 'N2021-335', 'MUHAMMAD TAHA', NULL, '03042616608', NULL, 'MANZOOR ELLAHI', 'male', '15', NULL, NULL, NULL, 'EVENING', 'N', NULL, NULL, 'STRENTH', '2000', '2021-05-04', 1, '2021-08-11 02:37:12', '2021-08-11 02:37:12', NULL),
(333, 'N2021-322', 'MUHAMMAD HAIDER ALI', NULL, '03132802250', NULL, 'PERWAIZ SAEED', 'male', '16', NULL, NULL, NULL, 'EVENING', 'N', NULL, NULL, 'STRENTH', '1500', '2021-02-03', 1, '2021-08-11 02:38:42', '2021-08-11 02:38:42', NULL),
(334, 'N2021-338', 'FAIZAN ASIF', NULL, '03052451887', NULL, 'ASIF BAIG', 'male', '22', NULL, NULL, NULL, 'EVENING', 'N', NULL, NULL, 'STRENTH', '2000', '2021-08-04', 1, '2021-08-11 02:43:46', '2021-08-11 02:43:46', NULL),
(335, 'N2021-341', 'TALHA BAIG', NULL, '03452607669', NULL, 'NAWAB BAIG', 'male', '34', NULL, NULL, NULL, 'EVENING', 'N', NULL, NULL, 'STRENTH', '2000', '2021-08-04', 1, '2021-08-11 02:46:58', '2021-08-11 02:46:58', NULL),
(336, 'N2021-342', 'AHMER AHMED KHAN', NULL, '03072569097', NULL, 'IQBAL AHMED KHAN', 'male', '19', NULL, NULL, NULL, 'EVENING', 'N', NULL, NULL, 'TIER 1', '7000', '2021-09-08', 1, '2021-08-11 02:49:54', '2021-08-11 02:49:54', NULL),
(337, 'N2021-346', 'ABDUL SAMAD IQBAL', NULL, '03219235902', NULL, 'AFSAR IQBAL', 'male', '21', NULL, NULL, NULL, 'EVENING', 'N', NULL, NULL, 'STRENTH', '2000', '2021-08-04', 1, '2021-08-11 02:52:41', '2021-08-11 02:52:41', NULL),
(338, 'N2021-347', 'JAN GUL KHAN', NULL, '03161010120', NULL, 'ILYAAS KHAN', 'male', '23', NULL, NULL, NULL, 'EVENING', 'N', NULL, NULL, 'STRENTH', '2000', '2021-08-04', 1, '2021-08-11 02:55:05', '2021-08-11 02:55:05', NULL),
(339, 'N2021-348', 'MINHAJ TUFAIL', NULL, '03353448576', NULL, 'M TUFAIL', 'male', '24', NULL, NULL, NULL, 'EVENING', 'N', NULL, NULL, 'STRETH TAINING', '4000', '2021-08-04', 1, '2021-08-11 02:58:27', '2021-08-11 02:58:27', NULL),
(340, 'N2021-350', 'AREEB ANSARI', NULL, '03174408537', NULL, 'M ARIF', 'male', '22', NULL, NULL, NULL, 'EVENING', 'N', NULL, NULL, 'STENTH', '2000', '2021-08-04', 1, '2021-08-11 03:01:05', '2021-08-11 03:01:05', NULL),
(341, 'N2021-351', 'MUHAMMAD QARIB', NULL, '03174408537', NULL, 'MUHAMMAD ARIF', 'male', '25', NULL, NULL, NULL, 'EVENING', 'N', NULL, NULL, 'STRENTH', '2000', '2021-08-04', 1, '2021-08-11 03:05:51', '2021-08-11 03:05:51', NULL),
(342, 'N2021-352', 'MUHAMMAD HASHAM', NULL, '033310221074', NULL, 'REHMAN ULAAH', 'male', '16', NULL, NULL, NULL, 'EVENING', 'N', NULL, NULL, 'STRENTH', '2000', '2021-08-04', 1, '2021-08-11 03:07:13', '2021-08-11 03:07:13', NULL),
(343, 'N2021-353', 'SHROZ QADIR', NULL, '03012311139', NULL, 'QADI BUKH', 'male', '25', NULL, NULL, NULL, 'EVENING', 'N', NULL, NULL, 'STRENTH', '2000', '2021-08-05', 1, '2021-08-11 03:08:41', '2021-08-11 03:08:41', NULL),
(344, 'N2021-354', 'FAMAN ALI', NULL, '03136872560', NULL, 'MUHAMMAD USMAN', 'male', '30', NULL, NULL, NULL, 'MORNING', 'N', NULL, NULL, 'STRENTH', '2000', '2021-08-05', 1, '2021-08-11 03:09:58', '2021-08-11 03:09:58', NULL),
(345, 'N2021-355', 'NOMAN ALAM', NULL, '03212426448', NULL, 'NAFEES ALAM', 'male', '42', NULL, NULL, NULL, 'MORNING', 'N', NULL, NULL, 'STRENTH  CADIO TAINING', '4000', '2021-08-05', 1, '2021-08-11 03:11:25', '2021-08-11 03:11:25', NULL),
(346, 'N2021-357', 'YUMNA MAQSOOD', NULL, '03002220229', NULL, 'MASOOD AHMED', 'female', '18', NULL, NULL, NULL, 'AFTERNOON', 'N', NULL, NULL, 'HIT', '2000', '2021-08-05', 1, '2021-08-11 03:14:52', '2021-08-11 03:17:29', NULL),
(347, 'N2021-358', 'SHUMAILA HASEEB', NULL, '03322253794', NULL, 'MUHAMMAS HASEEB', 'male', '30', NULL, NULL, NULL, '1230', 'N', NULL, NULL, 'CADIO', '200', '2021-08-05', 1, '2021-08-11 03:19:15', '2021-08-11 03:19:15', NULL),
(348, 'N2021-349', 'VAJID HASSAN', NULL, '03332339186', NULL, 'MUHAMMAD ASLAM', 'male', '30', NULL, NULL, NULL, 'EVENING', 'N', NULL, NULL, 'STRENTH', '2000', '2021-08-04', 1, '2021-08-11 03:20:47', '2021-08-11 03:20:47', NULL),
(349, 'N2021-343', 'SYED WAJIH MUSTAFA', NULL, '03142170511', NULL, 'SYED IZHAR MUSTAFA', 'male', '18', NULL, NULL, NULL, 'EVENING', 'N', NULL, NULL, 'STRENTH', '2000', '2021-08-04', 1, '2021-08-11 03:22:40', '2021-08-11 03:22:40', NULL),
(350, 'N2021-404', 'M FARAZ', NULL, '03158544839', NULL, 'NADEEM', 'male', '24', NULL, NULL, NULL, 'MORNING', 'N', NULL, NULL, 'STENTH', '2000', '2021-08-09', 1, '2021-08-11 03:40:34', '2021-08-11 03:51:08', NULL),
(351, 'N2021-146', 'suleman saleem', NULL, '03009262183', NULL, 'm saleem', 'male', '30', NULL, NULL, NULL, 'MORNING', 'n', NULL, NULL, 'TIER 3', '11000', '2021-07-29', 1, '2021-08-11 11:47:00', '2021-08-11 11:47:00', NULL),
(352, 'N2021-364', 'WALEED KHAN', NULL, '03177753079', NULL, 'FAISAL KHAN', 'male', '20', NULL, NULL, NULL, 'EVENING', '5', NULL, NULL, NULL, '3500', '2021-08-05', 1, '2021-08-12 06:50:26', '2021-08-12 06:50:26', NULL),
(353, 'N2021-365', 'AYESHA SHEIKH', NULL, '03032007773', NULL, 'ABDUL RAZZAK SHEIKH', 'female', '24', NULL, NULL, NULL, '7-AM', '55', NULL, NULL, NULL, '2200', '2021-08-05', 1, '2021-08-12 06:51:56', '2021-08-12 06:51:56', NULL),
(354, 'N2021-367', 'ALINA HABIB', NULL, '03121149859', NULL, 'HABIB', 'female', '24', NULL, NULL, NULL, '6.30', '545454', NULL, NULL, NULL, '3000', '2021-08-05', 1, '2021-08-12 06:53:11', '2021-08-12 06:53:11', NULL),
(355, 'N2021-368', 'HAMZA REHMAN', NULL, '03355555973', NULL, 'REHMAN ULLAH KHAN', 'male', '24', NULL, NULL, NULL, 'EVENING', '5', NULL, NULL, NULL, '2000', '2021-08-05', 1, '2021-08-12 06:54:35', '2021-08-12 06:54:35', NULL),
(356, 'N2021-369', 'HUDA HAIDER', NULL, '03333059870', NULL, 'GHULAM HAIDER', 'female', '19', NULL, NULL, NULL, '4-5', '55555', NULL, NULL, NULL, '4500', '2021-08-05', 1, '2021-08-12 06:55:56', '2021-08-12 06:55:56', NULL),
(357, 'N2021-366', 'MAHNOOR SHEIKH', NULL, '03323076636', NULL, 'A.RAZZAK SHEIKH', 'female', '21', NULL, NULL, NULL, '7', '56565', NULL, NULL, NULL, '2200', '2021-08-04', 1, '2021-08-12 06:57:20', '2021-08-12 06:57:20', NULL),
(358, 'N2021-345', 'FAIZAN ASHRAF', NULL, '03008235147', NULL, 'ASHRAF', 'male', '31', NULL, NULL, NULL, 'NIGHT', '5', NULL, NULL, NULL, '3000', '2021-08-04', 1, '2021-08-12 07:01:10', '2021-08-12 07:01:10', NULL),
(359, 'N2021-344', 'ZAKI MUSTAFA', NULL, '03000087377', NULL, 'BILAL MUSTAFA', 'male', '19', NULL, NULL, NULL, 'EVENING', '5', NULL, NULL, NULL, '2000', '2021-08-04', 1, '2021-08-12 07:02:35', '2021-08-12 07:02:35', NULL),
(360, 'N2021-336', 'ALI KHAN', NULL, '03122923319', NULL, '-', 'male', '28', NULL, NULL, NULL, 'EVENING', '4', NULL, NULL, NULL, '2000', '2021-08-05', 1, '2021-08-12 07:03:48', '2021-08-12 07:03:48', NULL),
(361, 'N2021-408', 'EMAZ ALI', NULL, '03162220064', NULL, 'ALI', 'male', '17', NULL, NULL, NULL, '7-9', '26515', NULL, NULL, NULL, '2000', '2021-08-09', 1, '2021-08-12 07:10:47', '2021-08-12 07:10:47', NULL),
(362, 'N2021-416', 'USAMA KHAN', NULL, '03102846992', NULL, 'MUBASHIR KHAN', 'male', '22', NULL, NULL, NULL, '6.30', '1', NULL, NULL, NULL, '1700', '2021-08-10', 1, '2021-08-12 07:12:54', '2021-08-12 07:12:54', NULL),
(363, 'N2021-417', 'ALIYAN KHAN', NULL, '03142981669', NULL, 'KALEEM AHMED', 'male', '20', NULL, NULL, NULL, '6', '6', NULL, NULL, NULL, '1700', '2021-08-10', 1, '2021-08-12 07:14:20', '2021-08-12 07:14:20', NULL),
(364, 'N2021-425', 'farhad afzal', NULL, '03313154728', NULL, 'HAJI AFZAL', 'male', '27', NULL, NULL, NULL, '--', '5', NULL, NULL, NULL, '2000', '2021-08-10', 1, '2021-08-12 07:29:31', '2021-08-12 07:29:31', NULL),
(365, 'N2021-426', 'HUNAIN ALI', NULL, '03402322459', NULL, '-', 'male', '20', NULL, NULL, NULL, 'EVENING', '815', NULL, NULL, NULL, '2000', '2021-08-10', 1, '2021-08-12 07:31:13', '2021-08-12 07:31:13', NULL),
(366, 'N2021-424', 'MUHAMMAD USMAN BUTT', NULL, '03331224808', NULL, 'AHMED BUTT', 'male', '22', NULL, NULL, NULL, '7', '6', NULL, NULL, NULL, '6000', '2021-08-10', 1, '2021-08-12 07:34:16', '2021-08-12 07:34:16', NULL),
(367, 'N2021-421', 'KAMRAN YOUSUF', NULL, '03213665765', NULL, 'YOUSUF', 'male', '32', NULL, NULL, NULL, 'M', '4', NULL, NULL, NULL, '3000', '2021-08-10', 1, '2021-08-12 07:36:02', '2021-08-12 07:36:02', NULL),
(368, 'N2021-422', 'FARAZ ALI', NULL, '03473540307', NULL, 'YAQOOB ALI', 'male', '26', NULL, NULL, NULL, 'E', '4', NULL, NULL, NULL, '2000', '2021-08-10', 1, '2021-08-12 07:37:25', '2021-08-12 07:37:25', NULL),
(369, 'N2021-423', 'ARSALAN KHAN', NULL, '03412618289', NULL, 'AZAM KHAN', 'male', '27', NULL, NULL, NULL, 'EVENING', '5', NULL, NULL, NULL, '2000', '2021-08-10', 1, '2021-08-12 07:38:50', '2021-08-12 07:38:50', NULL),
(370, 'N2021-420', 'ASAD ARSHAD', NULL, '03341482043', NULL, 'ARSHAD SIDDIQUI', 'male', '29', NULL, NULL, NULL, 'EVENING', '5', NULL, NULL, NULL, '2000', '2021-08-10', 1, '2021-08-12 07:41:32', '2021-08-12 07:41:32', NULL),
(371, 'N2021-427', 'TALHA KHAN', NULL, '03212888557', NULL, 'HILAL AHMED', 'male', '35', NULL, NULL, NULL, 'E', '5', NULL, NULL, NULL, '2000', '2021-08-10', 1, '2021-08-12 07:43:00', '2021-08-12 07:43:00', NULL),
(372, 'N2021-428', 'OSAMA MUJEEB ABBASI', NULL, '031744726608', NULL, 'MUJEEB UR REHMAN ABBASI', 'male', '22', NULL, NULL, NULL, 'E', '5', NULL, NULL, NULL, '2000', '2021-08-10', 1, '2021-08-12 07:44:12', '2021-08-12 07:44:12', NULL),
(373, 'N2021-429', 'AROOBA KHAN', NULL, '03332206750', NULL, 'ARIF KHAN', 'female', '23', NULL, NULL, NULL, 'E', '44', NULL, NULL, NULL, '2000', '2021-08-10', 1, '2021-08-12 07:48:20', '2021-08-12 07:48:20', NULL),
(374, 'N2021-430', 'SANIA NADEEM', NULL, '03062550525', NULL, 'NADEEM FAROOQUI', 'female', '23', NULL, NULL, NULL, 'E', '5', NULL, NULL, NULL, '2000', '2021-08-11', 1, '2021-08-12 07:49:19', '2021-08-12 07:49:19', NULL),
(375, 'N2021-431', 'SOHAIL NASEEM', NULL, '03464941568', NULL, 'NASEEM AHMED', 'male', '31', NULL, NULL, NULL, 'N', '2', NULL, NULL, NULL, '2000', '2021-08-11', 1, '2021-08-12 07:50:40', '2021-08-12 07:50:40', NULL),
(376, 'N2021-432', 'FARHAN ASHRAF', NULL, '03052692554', NULL, 'ASHRAF AZIZ', 'male', '20', NULL, NULL, NULL, 'E', '5', NULL, NULL, NULL, '2000', '2021-08-11', 1, '2021-08-12 07:51:36', '2021-08-12 07:51:36', NULL),
(377, 'N2021-433', 'SHOAIB FAZAL', NULL, '03102274911', NULL, 'FAZAL JAN', 'male', '21', NULL, NULL, NULL, '10.30', 'YTSDFSW', NULL, NULL, NULL, '4000', '2021-08-11', 1, '2021-08-12 07:58:29', '2021-08-12 07:58:29', NULL),
(378, 'N2021-434', 'FAIZ KHAN', NULL, '03404785141', NULL, 'RUSTON KHAN', 'male', '19', NULL, NULL, NULL, '10.30', 'FTF', NULL, NULL, NULL, '4000', '2021-08-11', 1, '2021-08-12 08:00:08', '2021-08-12 08:00:08', NULL),
(379, 'N2021-435', 'AZAM FAROOQ', NULL, '03002595490', NULL, 'OMER FAROOQ', 'male', '37', NULL, NULL, NULL, '6.30', '5', NULL, NULL, NULL, '5000', '2021-08-11', 1, '2021-08-12 08:06:00', '2021-08-12 08:06:00', NULL),
(380, 'N2021-438', 'erum najaf', NULL, '03432639793', NULL, 'NAJAF', 'female', '26', NULL, NULL, NULL, 'E', '4', NULL, NULL, NULL, '4500', '2021-08-12', 1, '2021-08-12 08:08:04', '2021-08-12 08:08:04', NULL),
(381, 'N2021-440', 'MUHAMMAD ANWAAR HUSSAIN', NULL, '03352374483', NULL, 'MUHAMMAD ALTAF HUSSAIN', 'male', '20', NULL, NULL, NULL, 'E', '165465', NULL, NULL, NULL, '4000', '2021-08-12', 1, '2021-08-12 08:12:29', '2021-08-12 08:12:29', NULL),
(382, 'N2021-441', 'MINHAJ BHAI', NULL, '03009264886', NULL, 'MINHAJ', 'male', '55', NULL, NULL, NULL, 'MO', 'N', NULL, NULL, 'TIER1', '3000', '2021-08-12', 1, '2021-08-12 10:02:08', '2021-08-12 10:02:08', NULL),
(383, 'N2021-459', 'MUHAMMAD HASHAM', NULL, '03341689090', NULL, 'AFSAR HUSAIN', 'male', '27', NULL, NULL, NULL, 'MORNING', 'N', NULL, NULL, 'TIER 1', '7000', '2021-08-10', 1, '2021-08-13 09:56:49', '2021-08-13 09:56:49', NULL);

-- --------------------------------------------------------

--
-- Table structure for table `migrations`
--

CREATE TABLE `migrations` (
  `id` int(10) UNSIGNED NOT NULL,
  `migration` varchar(255) COLLATE utf8mb4_unicode_ci NOT NULL,
  `batch` int(11) NOT NULL
) ENGINE=InnoDB DEFAULT CHARSET=utf8mb4 COLLATE=utf8mb4_unicode_ci;

--
-- Dumping data for table `migrations`
--

INSERT INTO `migrations` (`id`, `migration`, `batch`) VALUES
(1, '2014_10_12_000000_create_users_table', 1),
(2, '2014_10_12_100000_create_password_resets_table', 1),
(3, '2020_10_08_082403_create_b_page_table', 1),
(4, '2020_10_08_082434_create_b_activity_template_table', 1),
(5, '2020_10_08_082441_create_b_activity_log_table', 1),
(6, '2020_10_08_122755_create_b_settings_table', 1),
(7, '2020_10_08_131400_create_b_permissions_table', 1),
(8, '2020_10_08_131440_create_b_roles_table', 1),
(9, '2020_10_08_131501_create_b_roles_permissions_table', 1),
(10, '2020_10_12_080524_create_b_users_roles_table', 1),
(11, '2021_06_12_074846_create_members_table', 1),
(13, '2021_06_12_074944_create_fees_table', 2),
(14, '2021_06_15_164524_create_package_table', 3),
(15, '2021_06_20_101030_create_expense_table', 4);

-- --------------------------------------------------------

--
-- Table structure for table `package`
--

CREATE TABLE `package` (
  `id` bigint(20) UNSIGNED NOT NULL,
  `name` varchar(255) COLLATE utf8mb4_unicode_ci NOT NULL,
  `amount` double NOT NULL DEFAULT '0',
  `type` varchar(255) COLLATE utf8mb4_unicode_ci DEFAULT NULL,
  `status` tinyint(1) NOT NULL DEFAULT '0',
  `created_at` timestamp NULL DEFAULT NULL,
  `updated_at` timestamp NULL DEFAULT NULL
) ENGINE=InnoDB DEFAULT CHARSET=utf8mb4 COLLATE=utf8mb4_unicode_ci;

--
-- Dumping data for table `package`
--

INSERT INTO `package` (`id`, `name`, `amount`, `type`, `status`, `created_at`, `updated_at`) VALUES
(1, 'Registration', 2000, 'Mix Timing', 1, '2021-06-15 12:04:35', '2021-06-15 12:04:35'),
(6, 'Strength', 2000, 'Mix Timing', 1, '2021-06-20 14:15:21', '2021-06-20 14:15:21'),
(7, 'HIIT Workouts', 2000, 'Mix Timing', 1, '2021-06-20 14:15:58', '2021-06-20 14:15:58'),
(8, 'Cardio', 2000, 'Mix Timing', 1, '2021-06-20 14:16:25', '2021-06-20 14:16:25'),
(9, 'Strength + Trainer', 4000, 'Mix Timing', 1, '2021-06-20 14:17:00', '2021-06-20 14:17:00'),
(10, 'Strength + Cardio', 3500, 'Mix Timing', 1, '2021-06-20 14:17:54', '2021-06-20 14:17:54'),
(11, 'Strength + Cardio + Trainer', 5000, 'Mix Timing', 1, '2021-06-20 14:18:57', '2021-06-20 14:18:57'),
(12, 'HIIT Workouts + Cardio', 3500, 'Mix Timing', 1, '2021-06-20 14:20:14', '2021-06-20 14:20:14'),
(13, 'Suana', 300, 'Mix Timing', 1, '2021-06-20 14:22:44', '2021-06-20 14:22:44'),
(14, 'Target Training (Tier 1)', 7000, 'Mix Timing', 1, '2021-06-20 14:23:25', '2021-06-20 14:23:25'),
(15, 'Target Training (Tier 2)', 10000, 'Mix Timing', 1, '2021-06-20 14:23:57', '2021-06-20 14:23:57'),
(16, 'Target Training (Tier 3)', 15000, 'Mix Timing', 1, '2021-06-20 14:24:34', '2021-06-20 14:24:34'),
(17, 'Registration', 2000, 'Female Timing', 1, '2021-06-21 01:40:18', '2021-06-21 01:40:18'),
(18, 'Strength', 2000, 'Female Timing', 1, '2021-06-21 01:40:51', '2021-06-21 01:40:51'),
(19, 'HIIT Workouts', 2000, 'Female Timing', 1, '2021-06-21 02:14:41', '2021-06-21 02:14:41'),
(20, 'Cardio', 2000, 'Female Timing', 1, '2021-06-21 02:14:55', '2021-06-21 02:14:55'),
(21, 'Strength + Trainer', 4000, 'Female Timing', 1, '2021-06-21 02:15:17', '2021-06-21 02:15:17'),
(22, 'Strength + Cardio', 3000, 'Female Timing', 1, '2021-06-21 02:15:43', '2021-06-21 02:15:43'),
(23, 'Strength + Cardio + Trainer', 5000, 'Female Timing', 1, '2021-06-21 02:16:19', '2021-06-21 02:16:19'),
(24, 'HIIT Workouts + Cardio', 3000, 'Female Timing', 1, '2021-06-21 02:17:13', '2021-06-21 02:17:13'),
(25, 'Suana', 300, 'Female Timing', 1, '2021-06-21 02:17:26', '2021-06-21 02:17:26'),
(26, 'Target Training (Tier 1)', 7000, 'Female Timing', 1, '2021-06-21 02:18:12', '2021-06-21 02:18:12'),
(27, 'Target Training (Tier 2)', 10000, 'Female Timing', 1, '2021-06-21 02:18:26', '2021-06-21 02:18:26'),
(28, 'Target Training (Tier 3)', 15000, 'Female Timing', 1, '2021-06-21 02:18:42', '2021-06-21 02:18:42');

-- --------------------------------------------------------

--
-- Table structure for table `password_resets`
--

CREATE TABLE `password_resets` (
  `email` varchar(255) COLLATE utf8mb4_unicode_ci NOT NULL,
  `token` varchar(255) COLLATE utf8mb4_unicode_ci NOT NULL,
  `created_at` timestamp NULL DEFAULT NULL
) ENGINE=InnoDB DEFAULT CHARSET=utf8mb4 COLLATE=utf8mb4_unicode_ci;

-- --------------------------------------------------------

--
-- Table structure for table `users`
--

CREATE TABLE `users` (
  `id` int(10) UNSIGNED NOT NULL,
  `name` varchar(255) COLLATE utf8mb4_unicode_ci NOT NULL,
  `email` varchar(255) COLLATE utf8mb4_unicode_ci NOT NULL,
  `email_verified_at` timestamp NULL DEFAULT NULL,
  `password` varchar(255) COLLATE utf8mb4_unicode_ci NOT NULL,
  `phone` varchar(255) COLLATE utf8mb4_unicode_ci DEFAULT NULL,
  `google_id` varchar(255) COLLATE utf8mb4_unicode_ci DEFAULT NULL,
  `facebook_id` varchar(255) COLLATE utf8mb4_unicode_ci DEFAULT NULL,
  `avatar` varchar(255) COLLATE utf8mb4_unicode_ci DEFAULT NULL,
  `fcm_token` varchar(255) COLLATE utf8mb4_unicode_ci DEFAULT NULL,
  `role_id` int(11) NOT NULL,
  `code` varchar(255) COLLATE utf8mb4_unicode_ci DEFAULT NULL,
  `status` tinyint(1) NOT NULL DEFAULT '0',
  `is_deleted` tinyint(1) NOT NULL DEFAULT '0',
  `remember_token` varchar(100) COLLATE utf8mb4_unicode_ci DEFAULT NULL,
  `created_at` timestamp NULL DEFAULT NULL,
  `updated_at` timestamp NULL DEFAULT NULL
) ENGINE=InnoDB DEFAULT CHARSET=utf8mb4 COLLATE=utf8mb4_unicode_ci;

--
-- Dumping data for table `users`
--

INSERT INTO `users` (`id`, `name`, `email`, `email_verified_at`, `password`, `phone`, `google_id`, `facebook_id`, `avatar`, `fcm_token`, `role_id`, `code`, `status`, `is_deleted`, `remember_token`, `created_at`, `updated_at`) VALUES
(1, 'Admin', 'admin@admin.com', NULL, '$2y$10$Fgw2mcZUwMDuYgkDuwxuM.z6Vr7ZxhdhE0QQk1tXFtbs9yqQG75bC', NULL, NULL, NULL, 'profile_pictures/avatar.jpg', NULL, 1, NULL, 0, 0, NULL, NULL, NULL),
(2, 'Administrator', 'admin@nitrogen.com.pk', NULL, '$2y$10$lmOsAGDHwl2Q43APJa9R2OtEWygoOgJDeT1TqrohbEmR3/ZzW3k4u', '03000000000', NULL, NULL, 'profile_pictures/avatar.jpg', NULL, 2, NULL, 1, 0, 'CooyO14Zzj99CkX23U5VlHjDh9VzjfiNZhERDZ7lyb1z2kGiHjb0F0lOr2eq', '2021-06-20 11:02:31', '2021-06-20 11:02:31');

--
-- Indexes for dumped tables
--

--
-- Indexes for table `b_activity_log`
--
ALTER TABLE `b_activity_log`
  ADD PRIMARY KEY (`id`),
  ADD KEY `b_activity_log_activity_template_id_index` (`activity_template_id`),
  ADD KEY `b_activity_log_user_id_index` (`user_id`);

--
-- Indexes for table `b_activity_template`
--
ALTER TABLE `b_activity_template`
  ADD PRIMARY KEY (`id`);

--
-- Indexes for table `b_page`
--
ALTER TABLE `b_page`
  ADD PRIMARY KEY (`id`);

--
-- Indexes for table `b_permissions`
--
ALTER TABLE `b_permissions`
  ADD PRIMARY KEY (`id`);

--
-- Indexes for table `b_roles`
--
ALTER TABLE `b_roles`
  ADD PRIMARY KEY (`id`);

--
-- Indexes for table `b_roles_permissions`
--
ALTER TABLE `b_roles_permissions`
  ADD PRIMARY KEY (`role_id`,`permission_id`);

--
-- Indexes for table `b_settings`
--
ALTER TABLE `b_settings`
  ADD PRIMARY KEY (`id`);

--
-- Indexes for table `b_users_roles`
--
ALTER TABLE `b_users_roles`
  ADD PRIMARY KEY (`user_id`,`role_id`);

--
-- Indexes for table `expense`
--
ALTER TABLE `expense`
  ADD PRIMARY KEY (`id`),
  ADD KEY `expense_user_id_index` (`user_id`);

--
-- Indexes for table `fees`
--
ALTER TABLE `fees`
  ADD PRIMARY KEY (`id`),
  ADD KEY `fees_member_id_index` (`member_id`);

--
-- Indexes for table `members`
--
ALTER TABLE `members`
  ADD PRIMARY KEY (`id`);

--
-- Indexes for table `migrations`
--
ALTER TABLE `migrations`
  ADD PRIMARY KEY (`id`);

--
-- Indexes for table `package`
--
ALTER TABLE `package`
  ADD PRIMARY KEY (`id`);

--
-- Indexes for table `password_resets`
--
ALTER TABLE `password_resets`
  ADD KEY `password_resets_email_index` (`email`);

--
-- Indexes for table `users`
--
ALTER TABLE `users`
  ADD PRIMARY KEY (`id`);

--
-- AUTO_INCREMENT for dumped tables
--

--
-- AUTO_INCREMENT for table `b_activity_log`
--
ALTER TABLE `b_activity_log`
  MODIFY `id` bigint(20) UNSIGNED NOT NULL AUTO_INCREMENT;

--
-- AUTO_INCREMENT for table `b_activity_template`
--
ALTER TABLE `b_activity_template`
  MODIFY `id` int(10) UNSIGNED NOT NULL AUTO_INCREMENT;

--
-- AUTO_INCREMENT for table `b_page`
--
ALTER TABLE `b_page`
  MODIFY `id` bigint(20) UNSIGNED NOT NULL AUTO_INCREMENT;

--
-- AUTO_INCREMENT for table `b_permissions`
--
ALTER TABLE `b_permissions`
  MODIFY `id` bigint(20) UNSIGNED NOT NULL AUTO_INCREMENT, AUTO_INCREMENT=10;

--
-- AUTO_INCREMENT for table `b_roles`
--
ALTER TABLE `b_roles`
  MODIFY `id` bigint(20) UNSIGNED NOT NULL AUTO_INCREMENT, AUTO_INCREMENT=3;

--
-- AUTO_INCREMENT for table `b_settings`
--
ALTER TABLE `b_settings`
  MODIFY `id` bigint(20) UNSIGNED NOT NULL AUTO_INCREMENT, AUTO_INCREMENT=5;

--
-- AUTO_INCREMENT for table `expense`
--
ALTER TABLE `expense`
  MODIFY `id` bigint(20) UNSIGNED NOT NULL AUTO_INCREMENT;

--
-- AUTO_INCREMENT for table `fees`
--
ALTER TABLE `fees`
  MODIFY `id` bigint(20) UNSIGNED NOT NULL AUTO_INCREMENT, AUTO_INCREMENT=446;

--
-- AUTO_INCREMENT for table `members`
--
ALTER TABLE `members`
  MODIFY `id` bigint(20) UNSIGNED NOT NULL AUTO_INCREMENT, AUTO_INCREMENT=384;

--
-- AUTO_INCREMENT for table `migrations`
--
ALTER TABLE `migrations`
  MODIFY `id` int(10) UNSIGNED NOT NULL AUTO_INCREMENT, AUTO_INCREMENT=16;

--
-- AUTO_INCREMENT for table `package`
--
ALTER TABLE `package`
  MODIFY `id` bigint(20) UNSIGNED NOT NULL AUTO_INCREMENT, AUTO_INCREMENT=29;

--
-- AUTO_INCREMENT for table `users`
--
ALTER TABLE `users`
  MODIFY `id` int(10) UNSIGNED NOT NULL AUTO_INCREMENT, AUTO_INCREMENT=3;

--
-- Constraints for dumped tables
--

--
-- Constraints for table `b_activity_log`
--
ALTER TABLE `b_activity_log`
  ADD CONSTRAINT `b_activity_log_activity_template_id_foreign` FOREIGN KEY (`activity_template_id`) REFERENCES `b_activity_template` (`id`),
  ADD CONSTRAINT `b_activity_log_user_id_foreign` FOREIGN KEY (`user_id`) REFERENCES `users` (`id`);
COMMIT;

/*!40101 SET CHARACTER_SET_CLIENT=@OLD_CHARACTER_SET_CLIENT */;
/*!40101 SET CHARACTER_SET_RESULTS=@OLD_CHARACTER_SET_RESULTS */;
/*!40101 SET COLLATION_CONNECTION=@OLD_COLLATION_CONNECTION */;
